window_time,motion_percentage_th,session_id,accuracy,TP,TN,FP,FN,Accuracy
4,4,379,,46,11,43,6,0.5377358490566038
4,4,380,,34,31,91,5,0.40372670807453415
4,4,381,,17,36,17,5,0.7066666666666667
4,4,382,,65,83,73,15,0.6271186440677966
4,4,384,,69,63,85,5,0.5945945945945946
4,4,385,,79,66,24,5,0.8333333333333334
4,4,386,,30,32,216,0,0.22302158273381295
4,4,387,,16,39,195,0,0.22
4,4,388,,53,54,147,0,0.421259842519685
4,4,389,,47,31,121,14,0.36619718309859156
4,4,390,,146,29,32,2,0.8373205741626795
4,4,391,,158,17,63,3,0.7261410788381742
4,4,392,,69,26,165,8,0.35447761194029853
4,4,408,,44,20,40,7,0.5765765765765766
4,4,428,,103,27,144,2,0.47101449275362317
4,4,429,,78,53,71,7,0.6267942583732058
4,4,430,,47,47,134,4,0.4051724137931034
4,4,432,,55,52,50,16,0.6184971098265896
4,4,433,,48,97,68,8,0.6561085972850679
4,4,434,,39,33,74,0,0.4931506849315068
4,4,435,,41,69,43,10,0.6748466257668712
4,4,436,,62,88,91,2,0.6172839506172839
4,6,379,,44,15,39,8,0.5566037735849056
4,6,380,,32,34,88,7,0.40993788819875776
4,6,381,,16,38,15,6,0.72
4,6,382,,48,111,45,32,0.673728813559322
4,6,384,,66,82,66,8,0.6666666666666666
4,6,385,,77,73,17,7,0.8620689655172413
4,6,386,,28,53,195,2,0.29136690647482016
4,6,387,,16,58,176,0,0.296
4,6,388,,53,71,130,0,0.4881889763779528
4,6,389,,47,46,106,14,0.43661971830985913
4,6,390,,146,31,30,2,0.84688995215311
4,6,391,,158,24,56,3,0.7551867219917012
4,6,392,,69,48,143,8,0.43656716417910446
4,6,408,,38,25,35,13,0.5675675675675675
4,6,428,,102,41,130,3,0.5181159420289855
4,6,429,,75,61,63,10,0.6507177033492823
4,6,430,,47,57,124,4,0.4482758620689655
4,6,432,,52,57,45,19,0.630057803468208
4,6,433,,45,115,50,11,0.7239819004524887
4,6,434,,37,40,67,2,0.5273972602739726
4,6,435,,39,74,38,12,0.6932515337423313
4,6,436,,55,118,61,9,0.7119341563786008
4,8,379,,41,19,35,11,0.5660377358490566
4,8,380,,32,44,78,7,0.4720496894409938
4,8,381,,16,39,14,6,0.7333333333333333
4,8,382,,42,124,32,38,0.7033898305084746
4,8,384,,64,96,52,10,0.7207207207207207
4,8,385,,77,78,12,7,0.8908045977011494
4,8,386,,24,86,162,6,0.39568345323741005
4,8,387,,16,83,151,0,0.396
4,8,388,,51,83,118,2,0.5275590551181102
4,8,389,,47,64,88,14,0.5211267605633803
4,8,390,,146,33,28,2,0.8564593301435407
4,8,391,,158,31,49,3,0.7842323651452282
4,8,392,,69,80,111,8,0.5559701492537313
4,8,408,,38,28,32,13,0.5945945945945946
4,8,428,,102,57,114,3,0.5760869565217391
4,8,429,,73,70,54,12,0.6842105263157895
4,8,430,,47,66,115,4,0.4870689655172414
4,8,432,,50,59,43,21,0.630057803468208
4,8,433,,38,123,42,18,0.7285067873303167
4,8,434,,36,48,59,3,0.5753424657534246
4,8,435,,38,84,28,13,0.7484662576687117
4,8,436,,55,127,52,9,0.7489711934156379
4,10,379,,41,23,31,11,0.6037735849056604
4,10,380,,28,49,73,11,0.4782608695652174
4,10,381,,16,40,13,6,0.7466666666666667
4,10,382,,40,126,30,40,0.7033898305084746
4,10,384,,61,113,35,13,0.7837837837837838
4,10,385,,77,82,8,7,0.9137931034482759
4,10,386,,24,112,136,6,0.4892086330935252
4,10,387,,15,123,111,1,0.552
4,10,388,,48,109,92,5,0.6181102362204725
4,10,389,,47,80,72,14,0.596244131455399
4,10,390,,144,33,28,4,0.84688995215311
4,10,391,,158,47,33,3,0.8506224066390041
4,10,392,,69,92,99,8,0.6007462686567164
4,10,408,,36,33,27,15,0.6216216216216216
4,10,428,,101,65,106,4,0.6014492753623188
4,10,429,,71,74,50,14,0.69377990430622
4,10,430,,47,83,98,4,0.5603448275862069
4,10,432,,46,74,28,25,0.6936416184971098
4,10,433,,34,131,34,22,0.746606334841629
4,10,434,,35,53,54,4,0.6027397260273972
4,10,435,,37,89,23,14,0.7730061349693251
4,10,436,,52,133,46,12,0.7613168724279835
4,12,379,,41,27,27,11,0.6415094339622641
4,12,380,,24,56,66,15,0.4968944099378882
4,12,381,,16,42,11,6,0.7733333333333333
4,12,382,,37,127,29,43,0.6949152542372882
4,12,384,,61,125,23,13,0.8378378378378378
4,12,385,,77,82,8,7,0.9137931034482759
4,12,386,,24,129,119,6,0.5503597122302158
4,12,387,,15,148,86,1,0.652
4,12,388,,45,130,71,8,0.6889763779527559
4,12,389,,42,92,60,19,0.6291079812206573
4,12,390,,144,38,23,4,0.8708133971291866
4,12,391,,154,47,33,7,0.8340248962655602
4,12,392,,69,106,85,8,0.6529850746268657
4,12,408,,34,35,25,17,0.6216216216216216
4,12,428,,98,75,96,7,0.6268115942028986
4,12,429,,67,85,39,18,0.7272727272727273
4,12,430,,41,86,95,10,0.5474137931034483
4,12,432,,36,79,23,35,0.6647398843930635
4,12,433,,29,136,29,27,0.746606334841629
4,12,434,,35,56,51,4,0.6232876712328768
4,12,435,,36,96,16,15,0.8098159509202454
4,12,436,,49,138,41,15,0.7695473251028807
4,14,379,,34,31,23,18,0.6132075471698113
4,14,380,,21,63,59,18,0.5217391304347826
4,14,381,,16,42,11,6,0.7733333333333333
4,14,382,,37,127,29,43,0.6949152542372882
4,14,384,,60,128,20,14,0.8468468468468469
4,14,385,,77,83,7,7,0.9195402298850575
4,14,386,,23,142,106,7,0.5935251798561151
4,14,387,,15,165,69,1,0.72
4,14,388,,43,146,55,10,0.7440944881889764
4,14,389,,41,102,50,20,0.6713615023474179
4,14,390,,144,38,23,4,0.8708133971291866
4,14,391,,152,54,26,9,0.8547717842323651
4,14,392,,67,117,74,10,0.6865671641791045
4,14,408,,32,36,24,19,0.6126126126126126
4,14,428,,97,94,77,8,0.6920289855072463
4,14,429,,63,91,33,22,0.7368421052631579
4,14,430,,41,92,89,10,0.5732758620689655
4,14,432,,29,80,22,42,0.630057803468208
4,14,433,,27,138,27,29,0.746606334841629
4,14,434,,35,62,45,4,0.6643835616438356
4,14,435,,32,101,11,19,0.8159509202453987
4,14,436,,48,144,35,16,0.7901234567901234
4,16,379,,32,34,20,20,0.6226415094339622
4,16,380,,14,72,50,25,0.5341614906832298
4,16,381,,10,45,8,12,0.7333333333333333
4,16,382,,35,127,29,45,0.6864406779661016
4,16,384,,58,133,15,16,0.8603603603603603
4,16,385,,71,85,5,13,0.896551724137931
4,16,386,,22,161,87,8,0.658273381294964
4,16,387,,15,195,39,1,0.84
4,16,388,,42,156,45,11,0.7795275590551181
4,16,389,,29,122,30,32,0.7089201877934272
4,16,390,,139,46,15,9,0.8851674641148325
4,16,391,,151,60,20,10,0.8755186721991701
4,16,392,,65,127,64,12,0.7164179104477612
4,16,408,,32,41,19,19,0.6576576576576577
4,16,428,,90,114,57,15,0.7391304347826086
4,16,429,,59,101,23,26,0.7655502392344498
4,16,430,,40,98,83,11,0.5948275862068966
4,16,432,,28,83,19,43,0.6416184971098265
4,16,433,,24,147,18,32,0.7737556561085973
4,16,434,,30,70,37,9,0.684931506849315
4,16,435,,24,104,8,27,0.7852760736196319
4,16,436,,42,153,26,22,0.8024691358024691
4,18,379,,32,39,15,20,0.6698113207547169
4,18,380,,14,77,45,25,0.5652173913043478
4,18,381,,10,47,6,12,0.76
4,18,382,,33,130,26,47,0.690677966101695
4,18,384,,55,134,14,19,0.8513513513513513
4,18,385,,66,85,5,18,0.867816091954023
4,18,386,,18,180,68,12,0.7122302158273381
4,18,387,,15,203,31,1,0.872
4,18,388,,40,164,37,13,0.8031496062992126
4,18,389,,27,130,22,34,0.7370892018779343
4,18,390,,139,53,8,9,0.9186602870813397
4,18,391,,151,62,18,10,0.8838174273858921
4,18,392,,64,136,55,13,0.746268656716418
4,18,408,,29,45,15,22,0.6666666666666666
4,18,428,,87,125,46,18,0.7681159420289855
4,18,429,,57,105,19,28,0.7751196172248804
4,18,430,,36,107,74,15,0.6163793103448276
4,18,432,,20,85,17,51,0.6069364161849711
4,18,433,,21,149,16,35,0.7692307692307693
4,18,434,,29,75,32,10,0.7123287671232876
4,18,435,,24,104,8,27,0.7852760736196319
4,18,436,,29,164,15,35,0.7942386831275721
4,20,379,,29,42,12,23,0.6698113207547169
4,20,380,,10,81,41,29,0.5652173913043478
4,20,381,,10,47,6,12,0.76
4,20,382,,29,133,23,51,0.6864406779661016
4,20,384,,53,136,12,21,0.8513513513513513
4,20,385,,63,85,5,21,0.8505747126436781
4,20,386,,18,197,51,12,0.7733812949640287
4,20,387,,15,205,29,1,0.88
4,20,388,,38,173,28,15,0.8307086614173228
4,20,389,,26,137,15,35,0.7652582159624414
4,20,390,,137,53,8,11,0.9090909090909091
4,20,391,,149,64,16,12,0.8838174273858921
4,20,392,,63,143,48,14,0.7686567164179104
4,20,408,,29,48,12,22,0.6936936936936937
4,20,428,,80,132,39,25,0.7681159420289855
4,20,429,,56,111,13,29,0.7990430622009569
4,20,430,,30,128,53,21,0.6810344827586207
4,20,432,,19,88,14,52,0.6184971098265896
4,20,433,,21,157,8,35,0.8054298642533937
4,20,434,,27,85,22,12,0.7671232876712328
4,20,435,,19,106,6,32,0.7668711656441718
4,20,436,,29,171,8,35,0.823045267489712
4,22,379,,26,44,10,26,0.660377358490566
4,22,380,,9,85,37,30,0.5838509316770186
4,22,381,,9,47,6,13,0.7466666666666667
4,22,382,,24,135,21,56,0.673728813559322
4,22,384,,51,138,10,23,0.8513513513513513
4,22,385,,62,86,4,22,0.8505747126436781
4,22,386,,16,206,42,14,0.7985611510791367
4,22,387,,15,215,19,1,0.92
4,22,388,,33,177,24,20,0.8267716535433071
4,22,389,,26,138,14,35,0.7699530516431925
4,22,390,,135,54,7,13,0.9043062200956937
4,22,391,,146,64,16,15,0.8713692946058091
4,22,392,,63,148,43,14,0.7873134328358209
4,22,408,,27,50,10,24,0.6936936936936937
4,22,428,,72,133,38,33,0.7427536231884058
4,22,429,,48,116,8,37,0.784688995215311
4,22,430,,28,133,48,23,0.6939655172413793
4,22,432,,15,88,14,56,0.5953757225433526
4,22,433,,17,159,6,39,0.7963800904977375
4,22,434,,20,86,21,19,0.726027397260274
4,22,435,,19,109,3,32,0.7852760736196319
4,22,436,,27,173,6,37,0.823045267489712
4,24,379,,23,45,9,29,0.6415094339622641
4,24,380,,8,87,35,31,0.5900621118012422
4,24,381,,8,48,5,14,0.7466666666666667
4,24,382,,24,135,21,56,0.673728813559322
4,24,384,,47,139,9,27,0.8378378378378378
4,24,385,,57,88,2,27,0.8333333333333334
4,24,386,,15,219,29,15,0.841726618705036
4,24,387,,15,221,13,1,0.944
4,24,388,,32,182,19,21,0.84251968503937
4,24,389,,23,141,11,38,0.7699530516431925
4,24,390,,132,54,7,16,0.8899521531100478
4,24,391,,145,64,16,16,0.8672199170124482
4,24,392,,61,152,39,16,0.7947761194029851
4,24,408,,27,53,7,24,0.7207207207207207
4,24,428,,67,143,28,38,0.7608695652173914
4,24,429,,45,119,5,40,0.784688995215311
4,24,430,,22,134,47,29,0.6724137931034483
4,24,432,,15,93,9,56,0.6242774566473989
4,24,433,,10,161,4,46,0.7737556561085973
4,24,434,,17,86,21,22,0.7054794520547946
4,24,435,,17,110,2,34,0.7791411042944786
4,24,436,,13,173,6,51,0.7654320987654321
4,26,379,,21,47,7,31,0.6415094339622641
4,26,380,,7,92,30,32,0.6149068322981367
4,26,381,,7,48,5,15,0.7333333333333333
4,26,382,,22,141,15,58,0.690677966101695
4,26,384,,47,139,9,27,0.8378378378378378
4,26,385,,57,88,2,27,0.8333333333333334
4,26,386,,14,224,24,16,0.8561151079136691
4,26,387,,15,221,13,1,0.944
4,26,388,,31,183,18,22,0.84251968503937
4,26,389,,23,143,9,38,0.7793427230046949
4,26,390,,130,54,7,18,0.8803827751196173
4,26,391,,145,64,16,16,0.8672199170124482
4,26,392,,56,158,33,21,0.7985074626865671
4,26,408,,26,57,3,25,0.7477477477477478
4,26,428,,66,147,24,39,0.7717391304347826
4,26,429,,39,120,4,46,0.7607655502392344
4,26,430,,19,143,38,32,0.6982758620689655
4,26,432,,9,99,3,62,0.6242774566473989
4,26,433,,8,161,4,48,0.7647058823529411
4,26,434,,17,87,20,22,0.7123287671232876
4,26,435,,17,110,2,34,0.7791411042944786
4,26,436,,13,176,3,51,0.7777777777777778
4,28,379,,20,47,7,32,0.6320754716981132
4,28,380,,7,95,27,32,0.6335403726708074
4,28,381,,7,49,4,15,0.7466666666666667
4,28,382,,22,143,13,58,0.6991525423728814
4,28,384,,45,139,9,29,0.8288288288288288
4,28,385,,57,88,2,27,0.8333333333333334
4,28,386,,14,226,22,16,0.8633093525179856
4,28,387,,15,221,13,1,0.944
4,28,388,,29,192,9,24,0.8700787401574803
4,28,389,,23,146,6,38,0.7934272300469484
4,28,390,,128,54,7,20,0.8708133971291866
4,28,391,,141,64,16,20,0.8506224066390041
4,28,392,,55,164,27,22,0.8171641791044776
4,28,408,,26,59,1,25,0.7657657657657657
4,28,428,,57,151,20,48,0.7536231884057971
4,28,429,,39,120,4,46,0.7607655502392344
4,28,430,,18,149,32,33,0.7198275862068966
4,28,432,,9,99,3,62,0.6242774566473989
4,28,433,,8,163,2,48,0.7737556561085973
4,28,434,,17,94,13,22,0.7602739726027398
4,28,435,,17,110,2,34,0.7791411042944786
4,28,436,,13,178,1,51,0.7860082304526749
6,4,379,,48,10,44,4,0.5471698113207547
6,4,380,,38,35,87,1,0.453416149068323
6,4,381,,19,35,18,3,0.72
6,4,382,,70,89,67,10,0.673728813559322
6,4,384,,70,56,92,4,0.5675675675675675
6,4,385,,79,66,24,5,0.8333333333333334
6,4,386,,30,30,218,0,0.2158273381294964
6,4,387,,16,37,197,0,0.212
6,4,388,,53,51,150,0,0.4094488188976378
6,4,389,,49,36,116,12,0.39906103286384975
6,4,390,,148,28,33,0,0.8421052631578947
6,4,391,,157,16,64,4,0.7178423236514523
6,4,392,,77,19,172,0,0.3582089552238806
6,4,408,,44,18,42,7,0.5585585585585585
6,4,428,,103,29,142,2,0.4782608695652174
6,4,429,,79,57,67,6,0.6507177033492823
6,4,430,,49,46,135,2,0.40948275862068967
6,4,432,,55,50,52,16,0.6069364161849711
6,4,433,,51,100,65,5,0.6832579185520362
6,4,434,,39,32,75,0,0.4863013698630137
6,4,435,,41,74,38,10,0.7055214723926381
6,4,436,,63,86,93,1,0.6131687242798354
6,6,379,,48,12,42,4,0.5660377358490566
6,6,380,,36,39,83,3,0.4658385093167702
6,6,381,,18,37,16,4,0.7333333333333333
6,6,382,,51,120,36,29,0.7245762711864406
6,6,384,,66,87,61,8,0.6891891891891891
6,6,385,,79,74,16,5,0.8793103448275862
6,6,386,,28,47,201,2,0.2697841726618705
6,6,387,,16,58,176,0,0.296
6,6,388,,52,72,129,1,0.4881889763779528
6,6,389,,49,45,107,12,0.4413145539906103
6,6,390,,148,31,30,0,0.8564593301435407
6,6,391,,157,24,56,4,0.7510373443983402
6,6,392,,77,44,147,0,0.45149253731343286
6,6,408,,40,26,34,11,0.5945945945945946
6,6,428,,103,47,124,2,0.5434782608695652
6,6,429,,76,67,57,9,0.6842105263157895
6,6,430,,49,54,127,2,0.44396551724137934
6,6,432,,48,54,48,23,0.5895953757225434
6,6,433,,43,116,49,13,0.7194570135746606
6,6,434,,39,41,66,0,0.547945205479452
6,6,435,,40,78,34,11,0.7239263803680982
6,6,436,,61,123,56,3,0.757201646090535
6,8,379,,45,17,37,7,0.5849056603773585
6,8,380,,36,51,71,3,0.5403726708074534
6,8,381,,17,39,14,5,0.7466666666666667
6,8,382,,45,132,24,35,0.75
6,8,384,,65,104,44,9,0.7612612612612613
6,8,385,,78,78,12,6,0.896551724137931
6,8,386,,27,88,160,3,0.4136690647482014
6,8,387,,16,85,149,0,0.404
6,8,388,,51,87,114,2,0.5433070866141733
6,8,389,,48,66,86,13,0.5352112676056338
6,8,390,,148,34,27,0,0.8708133971291866
6,8,391,,157,29,51,4,0.7717842323651453
6,8,392,,75,74,117,2,0.5559701492537313
6,8,408,,40,28,32,11,0.6126126126126126
6,8,428,,103,58,113,2,0.5833333333333334
6,8,429,,75,76,48,10,0.722488038277512
6,8,430,,49,62,119,2,0.47844827586206895
6,8,432,,46,56,46,25,0.5895953757225434
6,8,433,,36,131,34,20,0.755656108597285
6,8,434,,39,52,55,0,0.6232876712328768
6,8,435,,38,90,22,13,0.7852760736196319
6,8,436,,61,133,46,3,0.7983539094650206
6,10,379,,45,22,32,7,0.6320754716981132
6,10,380,,32,56,66,7,0.546583850931677
6,10,381,,17,40,13,5,0.76
6,10,382,,42,133,23,38,0.7415254237288136
6,10,384,,62,121,27,12,0.8243243243243243
6,10,385,,78,81,9,6,0.9137931034482759
6,10,386,,27,116,132,3,0.5143884892086331
6,10,387,,15,127,107,1,0.568
6,10,388,,47,117,84,6,0.6456692913385826
6,10,389,,47,87,65,14,0.6291079812206573
6,10,390,,147,34,27,1,0.8660287081339713
6,10,391,,157,44,36,4,0.8340248962655602
6,10,392,,75,90,101,2,0.6156716417910447
6,10,408,,37,33,27,14,0.6306306306306306
6,10,428,,99,69,102,6,0.6086956521739131
6,10,429,,72,81,43,13,0.7320574162679426
6,10,430,,49,78,103,2,0.5474137931034483
6,10,432,,42,75,27,29,0.6763005780346821
6,10,433,,33,141,24,23,0.7873303167420814
6,10,434,,37,59,48,2,0.6575342465753424
6,10,435,,37,93,19,14,0.7975460122699386
6,10,436,,54,141,38,10,0.8024691358024691
6,12,379,,44,27,27,8,0.6698113207547169
6,12,380,,28,62,60,11,0.5590062111801242
6,12,381,,17,44,9,5,0.8133333333333334
6,12,382,,39,135,21,41,0.7372881355932204
6,12,384,,61,127,21,13,0.8468468468468469
6,12,385,,78,81,9,6,0.9137931034482759
6,12,386,,27,138,110,3,0.5935251798561151
6,12,387,,15,157,77,1,0.688
6,12,388,,45,141,60,8,0.7322834645669292
6,12,389,,43,101,51,18,0.676056338028169
6,12,390,,147,38,23,1,0.8851674641148325
6,12,391,,156,44,36,5,0.8298755186721992
6,12,392,,75,106,85,2,0.6753731343283582
6,12,408,,35,37,23,16,0.6486486486486487
6,12,428,,95,78,93,10,0.6268115942028986
6,12,429,,69,86,38,16,0.7416267942583732
6,12,430,,42,81,100,9,0.5301724137931034
6,12,432,,32,78,24,39,0.6358381502890174
6,12,433,,27,146,19,29,0.7828054298642534
6,12,434,,37,61,46,2,0.6712328767123288
6,12,435,,35,102,10,16,0.8404907975460123
6,12,436,,49,146,33,15,0.8024691358024691
6,14,379,,37,29,25,15,0.6226415094339622
6,14,380,,23,68,54,16,0.5652173913043478
6,14,381,,17,44,9,5,0.8133333333333334
6,14,382,,39,135,21,41,0.7372881355932204
6,14,384,,59,131,17,15,0.8558558558558559
6,14,385,,78,82,8,6,0.9195402298850575
6,14,386,,25,148,100,5,0.6223021582733813
6,14,387,,15,180,54,1,0.78
6,14,388,,42,150,51,11,0.7559055118110236
6,14,389,,42,112,40,19,0.7230046948356808
6,14,390,,147,38,23,1,0.8851674641148325
6,14,391,,155,49,31,6,0.8464730290456431
6,14,392,,73,116,75,4,0.7052238805970149
6,14,408,,31,40,20,20,0.6396396396396397
6,14,428,,95,94,77,10,0.6847826086956522
6,14,429,,62,94,30,23,0.7464114832535885
6,14,430,,42,90,91,9,0.5689655172413793
6,14,432,,27,79,23,44,0.6127167630057804
6,14,433,,22,147,18,34,0.7647058823529411
6,14,434,,37,71,36,2,0.7397260273972602
6,14,435,,32,104,8,19,0.8343558282208589
6,14,436,,49,149,30,15,0.8148148148148148
6,16,379,,35,33,21,17,0.6415094339622641
6,16,380,,15,74,48,24,0.5527950310559007
6,16,381,,13,47,6,9,0.8
6,16,382,,36,135,21,44,0.7245762711864406
6,16,384,,56,134,14,18,0.8558558558558559
6,16,385,,75,85,5,9,0.9195402298850575
6,16,386,,25,169,79,5,0.697841726618705
6,16,387,,15,203,31,1,0.872
6,16,388,,40,162,39,13,0.7952755905511811
6,16,389,,30,136,16,31,0.7793427230046949
6,16,390,,143,45,16,5,0.8995215311004785
6,16,391,,154,57,23,7,0.8755186721991701
6,16,392,,67,137,54,10,0.7611940298507462
6,16,408,,29,44,16,22,0.6576576576576577
6,16,428,,88,111,60,17,0.7210144927536232
6,16,429,,59,101,23,26,0.7655502392344498
6,16,430,,42,96,85,9,0.5948275862068966
6,16,432,,27,81,21,44,0.6242774566473989
6,16,433,,22,153,12,34,0.7918552036199095
6,16,434,,34,73,34,5,0.7328767123287672
6,16,435,,20,106,6,31,0.7730061349693251
6,16,436,,42,165,14,22,0.8518518518518519
6,18,379,,35,39,15,17,0.6981132075471698
6,18,380,,15,81,41,24,0.5962732919254659
6,18,381,,13,50,3,9,0.84
6,18,382,,33,140,16,47,0.7330508474576272
6,18,384,,54,136,12,20,0.8558558558558559
6,18,385,,71,85,5,13,0.896551724137931
6,18,386,,17,185,63,13,0.7266187050359713
6,18,387,,14,208,26,2,0.888
6,18,388,,39,168,33,14,0.8149606299212598
6,18,389,,28,142,10,33,0.7981220657276995
6,18,390,,143,52,9,5,0.9330143540669856
6,18,391,,154,58,22,7,0.8796680497925311
6,18,392,,66,146,45,11,0.7910447761194029
6,18,408,,28,48,12,23,0.6846846846846847
6,18,428,,84,129,42,21,0.7717391304347826
6,18,429,,57,108,16,28,0.7894736842105263
6,18,430,,36,110,71,15,0.6293103448275862
6,18,432,,18,84,18,53,0.5895953757225434
6,18,433,,19,155,10,37,0.7873303167420814
6,18,434,,33,78,29,6,0.7602739726027398
6,18,435,,20,106,6,31,0.7730061349693251
6,18,436,,30,173,6,34,0.8353909465020576
6,20,379,,30,41,13,22,0.6698113207547169
6,20,380,,11,85,37,28,0.5962732919254659
6,20,381,,13,50,3,9,0.84
6,20,382,,28,141,15,52,0.7161016949152542
6,20,384,,51,136,12,23,0.8423423423423423
6,20,385,,67,85,5,17,0.8735632183908046
6,20,386,,17,201,47,13,0.7841726618705036
6,20,387,,14,211,23,2,0.9
6,20,388,,36,177,24,17,0.8385826771653543
6,20,389,,26,144,8,35,0.7981220657276995
6,20,390,,143,52,9,5,0.9330143540669856
6,20,391,,150,63,17,11,0.8838174273858921
6,20,392,,65,154,37,12,0.8171641791044776
6,20,408,,28,52,8,23,0.7207207207207207
6,20,428,,76,134,37,29,0.7608695652173914
6,20,429,,56,115,9,29,0.8181818181818182
6,20,430,,29,126,55,22,0.6681034482758621
6,20,432,,17,88,14,54,0.6069364161849711
6,20,433,,18,158,7,38,0.7963800904977375
6,20,434,,26,85,22,13,0.7602739726027398
6,20,435,,13,107,5,38,0.7361963190184049
6,20,436,,30,174,5,34,0.8395061728395061
6,22,379,,25,44,10,27,0.6509433962264151
6,22,380,,8,89,33,31,0.6024844720496895
6,22,381,,13,51,2,9,0.8533333333333334
6,22,382,,22,142,14,58,0.6949152542372882
6,22,384,,50,138,10,24,0.8468468468468469
6,22,385,,67,88,2,17,0.8908045977011494
6,22,386,,16,209,39,14,0.8093525179856115
6,22,387,,14,223,11,2,0.948
6,22,388,,31,180,21,22,0.8307086614173228
6,22,389,,26,144,8,35,0.7981220657276995
6,22,390,,142,53,8,6,0.9330143540669856
6,22,391,,149,63,17,12,0.8796680497925311
6,22,392,,65,159,32,12,0.835820895522388
6,22,408,,27,55,5,24,0.7387387387387387
6,22,428,,70,137,34,35,0.75
6,22,429,,49,119,5,36,0.8038277511961722
6,22,430,,26,135,46,25,0.6939655172413793
6,22,432,,12,89,13,59,0.5838150289017341
6,22,433,,15,161,4,41,0.7963800904977375
6,22,434,,19,86,21,20,0.7191780821917808
6,22,435,,13,111,1,38,0.7607361963190185
6,22,436,,29,176,3,35,0.8436213991769548
6,24,379,,23,47,7,29,0.660377358490566
6,24,380,,8,91,31,31,0.6149068322981367
6,24,381,,10,51,2,12,0.8133333333333334
6,24,382,,22,142,14,58,0.6949152542372882
6,24,384,,47,138,10,27,0.8333333333333334
6,24,385,,62,89,1,22,0.867816091954023
6,24,386,,16,220,28,14,0.8489208633093526
6,24,387,,14,229,5,2,0.972
6,24,388,,31,186,15,22,0.8543307086614174
6,24,389,,23,147,5,38,0.7981220657276995
6,24,390,,139,53,8,9,0.9186602870813397
6,24,391,,149,63,17,12,0.8796680497925311
6,24,392,,65,166,25,12,0.8619402985074627
6,24,408,,27,57,3,24,0.7567567567567568
6,24,428,,63,146,25,42,0.7572463768115942
6,24,429,,45,121,3,40,0.7942583732057417
6,24,430,,18,136,45,33,0.6637931034482759
6,24,432,,12,94,8,59,0.6127167630057804
6,24,433,,9,162,3,47,0.7737556561085973
6,24,434,,14,86,21,25,0.684931506849315
6,24,435,,12,112,0,39,0.7607361963190185
6,24,436,,12,176,3,52,0.7736625514403292
6,26,379,,20,49,5,32,0.6509433962264151
6,26,380,,7,97,25,32,0.6459627329192547
6,26,381,,8,51,2,14,0.7866666666666666
6,26,382,,19,148,8,61,0.7076271186440678
6,26,384,,47,138,10,27,0.8333333333333334
6,26,385,,59,89,1,25,0.8505747126436781
6,26,386,,13,224,24,17,0.8525179856115108
6,26,387,,14,229,5,2,0.972
6,26,388,,29,187,14,24,0.8503937007874016
6,26,389,,23,148,4,38,0.8028169014084507
6,26,390,,138,53,8,10,0.9138755980861244
6,26,391,,149,63,17,12,0.8796680497925311
6,26,392,,59,173,18,18,0.8656716417910447
6,26,408,,26,58,2,25,0.7567567567567568
6,26,428,,63,148,23,42,0.7644927536231884
6,26,429,,35,122,2,50,0.7511961722488039
6,26,430,,16,146,35,35,0.6982758620689655
6,26,432,,8,102,0,63,0.6358381502890174
6,26,433,,6,162,3,50,0.7601809954751131
6,26,434,,14,87,20,25,0.6917808219178082
6,26,435,,12,112,0,39,0.7607361963190185
6,26,436,,12,178,1,52,0.7818930041152263
6,28,379,,18,49,5,34,0.6320754716981132
6,28,380,,7,101,21,32,0.6708074534161491
6,28,381,,7,51,2,15,0.7733333333333333
6,28,382,,19,150,6,61,0.7161016949152542
6,28,384,,46,138,10,28,0.8288288288288288
6,28,385,,59,89,1,25,0.8505747126436781
6,28,386,,13,227,21,17,0.8633093525179856
6,28,387,,14,229,5,2,0.972
6,28,388,,27,193,8,26,0.8661417322834646
6,28,389,,23,149,3,38,0.8075117370892019
6,28,390,,135,53,8,13,0.8995215311004785
6,28,391,,147,64,16,14,0.8755186721991701
6,28,392,,57,177,14,20,0.8731343283582089
6,28,408,,26,58,2,25,0.7567567567567568
6,28,428,,49,152,19,56,0.7282608695652174
6,28,429,,34,122,2,51,0.7464114832535885
6,28,430,,15,146,35,36,0.6939655172413793
6,28,432,,8,102,0,63,0.6358381502890174
6,28,433,,6,163,2,50,0.7647058823529411
6,28,434,,13,98,9,26,0.7602739726027398
6,28,435,,12,112,0,39,0.7607361963190185
6,28,436,,12,179,0,52,0.7860082304526749
8,4,379,,50,7,47,2,0.5377358490566038
8,4,380,,38,31,91,1,0.42857142857142855
8,4,381,,19,33,20,3,0.6933333333333334
8,4,382,,66,91,65,14,0.6652542372881356
8,4,384,,69,59,89,5,0.5765765765765766
8,4,385,,80,66,24,4,0.8390804597701149
8,4,386,,30,32,216,0,0.22302158273381295
8,4,387,,16,36,198,0,0.208
8,4,388,,53,51,150,0,0.4094488188976378
8,4,389,,49,38,114,12,0.4084507042253521
8,4,390,,148,27,34,0,0.8373205741626795
8,4,391,,157,16,64,4,0.7178423236514523
8,4,392,,76,9,182,1,0.31716417910447764
8,4,408,,44,15,45,7,0.5315315315315315
8,4,428,,105,25,146,0,0.47101449275362317
8,4,429,,79,60,64,6,0.6650717703349283
8,4,430,,51,45,136,0,0.41379310344827586
8,4,432,,57,50,52,14,0.6184971098265896
8,4,433,,51,106,59,5,0.7104072398190046
8,4,434,,39,27,80,0,0.4520547945205479
8,4,435,,42,75,37,9,0.7177914110429447
8,4,436,,63,98,81,1,0.6625514403292181
8,6,379,,49,10,44,3,0.5566037735849056
8,6,380,,37,36,86,2,0.453416149068323
8,6,381,,18,35,18,4,0.7066666666666667
8,6,382,,44,121,35,36,0.6991525423728814
8,6,384,,64,87,61,10,0.6801801801801802
8,6,385,,80,72,18,4,0.8735632183908046
8,6,386,,28,46,202,2,0.26618705035971224
8,6,387,,16,58,176,0,0.296
8,6,388,,52,79,122,1,0.515748031496063
8,6,389,,47,49,103,14,0.4507042253521127
8,6,390,,148,31,30,0,0.8564593301435407
8,6,391,,157,27,53,4,0.7634854771784232
8,6,392,,76,34,157,1,0.41044776119402987
8,6,408,,39,23,37,12,0.5585585585585585
8,6,428,,105,47,124,0,0.5507246376811594
8,6,429,,77,71,53,8,0.7081339712918661
8,6,430,,51,55,126,0,0.45689655172413796
8,6,432,,50,55,47,21,0.6069364161849711
8,6,433,,44,123,42,12,0.755656108597285
8,6,434,,39,40,67,0,0.541095890410959
8,6,435,,42,79,33,9,0.7423312883435583
8,6,436,,59,133,46,5,0.7901234567901234
8,8,379,,44,17,37,8,0.5754716981132075
8,8,380,,37,47,75,2,0.5217391304347826
8,8,381,,16,37,16,6,0.7066666666666667
8,8,382,,38,134,22,42,0.7288135593220338
8,8,384,,63,105,43,11,0.7567567567567568
8,8,385,,80,78,12,4,0.9080459770114943
8,8,386,,27,89,159,3,0.4172661870503597
8,8,387,,16,82,152,0,0.392
8,8,388,,51,97,104,2,0.5826771653543307
8,8,389,,46,69,83,15,0.539906103286385
8,8,390,,148,32,29,0,0.861244019138756
8,8,391,,157,32,48,4,0.7842323651452282
8,8,392,,74,67,124,3,0.5261194029850746
8,8,408,,39,27,33,12,0.5945945945945946
8,8,428,,103,57,114,2,0.5797101449275363
8,8,429,,76,77,47,9,0.7320574162679426
8,8,430,,48,67,114,3,0.4956896551724138
8,8,432,,48,58,44,23,0.6127167630057804
8,8,433,,32,136,29,24,0.7601809954751131
8,8,434,,39,55,52,0,0.6438356164383562
8,8,435,,38,89,23,13,0.7791411042944786
8,8,436,,59,143,36,5,0.831275720164609
8,10,379,,44,23,31,8,0.6320754716981132
8,10,380,,32,54,68,7,0.5341614906832298
8,10,381,,16,38,15,6,0.72
8,10,382,,35,137,19,45,0.7288135593220338
8,10,384,,58,122,26,16,0.8108108108108109
8,10,385,,78,82,8,6,0.9195402298850575
8,10,386,,27,126,122,3,0.5503597122302158
8,10,387,,15,128,106,1,0.572
8,10,388,,48,123,78,5,0.6732283464566929
8,10,389,,44,93,59,17,0.6431924882629108
8,10,390,,148,32,29,0,0.861244019138756
8,10,391,,157,45,35,4,0.8381742738589212
8,10,392,,73,82,109,4,0.5783582089552238
8,10,408,,35,32,28,16,0.6036036036036037
8,10,428,,99,69,102,6,0.6086956521739131
8,10,429,,74,80,44,11,0.7368421052631579
8,10,430,,48,80,101,3,0.5517241379310345
8,10,432,,41,78,24,30,0.6878612716763006
8,10,433,,29,148,17,27,0.8009049773755657
8,10,434,,39,63,44,0,0.6986301369863014
8,10,435,,36,97,15,15,0.8159509202453987
8,10,436,,52,154,25,12,0.8477366255144033
8,12,379,,42,27,27,10,0.6509433962264151
8,12,380,,28,61,61,11,0.5527950310559007
8,12,381,,16,42,11,6,0.7733333333333333
8,12,382,,33,141,15,47,0.7372881355932204
8,12,384,,57,133,15,17,0.8558558558558559
8,12,385,,78,82,8,6,0.9195402298850575
8,12,386,,27,149,99,3,0.6330935251798561
8,12,387,,15,159,75,1,0.696
8,12,388,,48,149,52,5,0.7755905511811023
8,12,389,,40,107,45,21,0.6901408450704225
8,12,390,,148,37,24,0,0.8851674641148325
8,12,391,,156,45,35,5,0.8340248962655602
8,12,392,,73,98,93,4,0.6380597014925373
8,12,408,,35,35,25,16,0.6306306306306306
8,12,428,,96,75,96,9,0.6195652173913043
8,12,429,,72,86,38,13,0.7559808612440191
8,12,430,,45,83,98,6,0.5517241379310345
8,12,432,,30,80,22,41,0.6358381502890174
8,12,433,,26,150,15,30,0.7963800904977375
8,12,434,,39,65,42,0,0.7123287671232876
8,12,435,,30,105,7,21,0.8282208588957055
8,12,436,,45,157,22,19,0.831275720164609
8,14,379,,37,30,24,15,0.6320754716981132
8,14,380,,22,69,53,17,0.5652173913043478
8,14,381,,16,42,11,6,0.7733333333333333
8,14,382,,33,142,14,47,0.7415254237288136
8,14,384,,57,134,14,17,0.8603603603603603
8,14,385,,77,82,8,7,0.9137931034482759
8,14,386,,26,160,88,4,0.6690647482014388
8,14,387,,15,182,52,1,0.788
8,14,388,,46,159,42,7,0.8070866141732284
8,14,389,,40,116,36,21,0.7323943661971831
8,14,390,,148,37,24,0,0.8851674641148325
8,14,391,,155,49,31,6,0.8464730290456431
8,14,392,,73,110,81,4,0.6828358208955224
8,14,408,,31,39,21,20,0.6306306306306306
8,14,428,,96,93,78,9,0.6847826086956522
8,14,429,,66,97,27,19,0.7799043062200957
8,14,430,,45,89,92,6,0.5775862068965517
8,14,432,,26,80,22,45,0.6127167630057804
8,14,433,,19,150,15,37,0.7647058823529411
8,14,434,,39,76,31,0,0.7876712328767124
8,14,435,,29,106,6,22,0.8282208588957055
8,14,436,,45,165,14,19,0.8641975308641975
8,16,379,,31,36,18,21,0.6320754716981132
8,16,380,,15,78,44,24,0.577639751552795
8,16,381,,12,46,7,10,0.7733333333333333
8,16,382,,31,142,14,49,0.7330508474576272
8,16,384,,51,136,12,23,0.8423423423423423
8,16,385,,70,85,5,14,0.8908045977011494
8,16,386,,26,178,70,4,0.7338129496402878
8,16,387,,15,206,28,1,0.884
8,16,388,,42,173,28,11,0.8464566929133859
8,16,389,,28,142,10,33,0.7981220657276995
8,16,390,,146,44,17,2,0.9090909090909091
8,16,391,,154,59,21,7,0.8838174273858921
8,16,392,,67,132,59,10,0.7425373134328358
8,16,408,,30,47,13,21,0.6936936936936937
8,16,428,,88,116,55,17,0.7391304347826086
8,16,429,,60,103,21,25,0.7799043062200957
8,16,430,,45,98,83,6,0.6163793103448276
8,16,432,,26,84,18,45,0.6358381502890174
8,16,433,,19,154,11,37,0.7828054298642534
8,16,434,,37,77,30,2,0.7808219178082192
8,16,435,,17,107,5,34,0.7607361963190185
8,16,436,,39,172,7,25,0.8683127572016461
8,18,379,,31,42,12,21,0.6886792452830188
8,18,380,,15,84,38,24,0.6149068322981367
8,18,381,,12,49,4,10,0.8133333333333334
8,18,382,,25,147,9,55,0.7288135593220338
8,18,384,,51,136,12,23,0.8423423423423423
8,18,385,,64,85,5,20,0.8563218390804598
8,18,386,,19,190,58,11,0.7517985611510791
8,18,387,,15,213,21,1,0.912
8,18,388,,39,177,24,14,0.8503937007874016
8,18,389,,25,146,6,36,0.8028169014084507
8,18,390,,146,50,11,2,0.937799043062201
8,18,391,,154,59,21,7,0.8838174273858921
8,18,392,,64,142,49,13,0.7686567164179104
8,18,408,,27,51,9,24,0.7027027027027027
8,18,428,,86,131,40,19,0.7862318840579711
8,18,429,,57,110,14,28,0.7990430622009569
8,18,430,,38,110,71,13,0.6379310344827587
8,18,432,,17,87,15,54,0.6011560693641619
8,18,433,,16,158,7,40,0.7873303167420814
8,18,434,,33,82,25,6,0.7876712328767124
8,18,435,,17,107,5,34,0.7607361963190185
8,18,436,,32,175,4,32,0.8518518518518519
8,20,379,,26,44,10,26,0.660377358490566
8,20,380,,11,88,34,28,0.6149068322981367
8,20,381,,12,49,4,10,0.8133333333333334
8,20,382,,24,147,9,56,0.7245762711864406
8,20,384,,48,136,12,26,0.8288288288288288
8,20,385,,62,85,5,22,0.8448275862068966
8,20,386,,18,200,48,12,0.7841726618705036
8,20,387,,15,216,18,1,0.924
8,20,388,,37,185,16,16,0.8740157480314961
8,20,389,,23,148,4,38,0.8028169014084507
8,20,390,,146,50,11,2,0.937799043062201
8,20,391,,152,64,16,9,0.8962655601659751
8,20,392,,63,154,37,14,0.8097014925373134
8,20,408,,27,53,7,24,0.7207207207207207
8,20,428,,69,139,32,36,0.7536231884057971
8,20,429,,57,117,7,28,0.8325358851674641
8,20,430,,30,127,54,21,0.6767241379310345
8,20,432,,17,90,12,54,0.6184971098265896
8,20,433,,14,161,4,42,0.7918552036199095
8,20,434,,29,86,21,10,0.7876712328767124
8,20,435,,10,107,5,41,0.7177914110429447
8,20,436,,32,176,3,32,0.8559670781893004
8,22,379,,22,46,8,30,0.6415094339622641
8,22,380,,6,93,29,33,0.6149068322981367
8,22,381,,12,49,4,10,0.8133333333333334
8,22,382,,19,150,6,61,0.7161016949152542
8,22,384,,48,138,10,26,0.8378378378378378
8,22,385,,61,87,3,23,0.8505747126436781
8,22,386,,16,207,41,14,0.802158273381295
8,22,387,,15,228,6,1,0.972
8,22,388,,33,187,14,20,0.8661417322834646
8,22,389,,23,148,4,38,0.8028169014084507
8,22,390,,145,52,9,3,0.9425837320574163
8,22,391,,150,64,16,11,0.8879668049792531
8,22,392,,63,159,32,14,0.8283582089552238
8,22,408,,26,56,4,25,0.7387387387387387
8,22,428,,64,140,31,41,0.7391304347826086
8,22,429,,48,119,5,37,0.7990430622009569
8,22,430,,28,138,43,23,0.7155172413793104
8,22,432,,7,92,10,64,0.5722543352601156
8,22,433,,12,164,1,44,0.7963800904977375
8,22,434,,21,88,19,18,0.7465753424657534
8,22,435,,10,112,0,41,0.7484662576687117
8,22,436,,30,178,1,34,0.8559670781893004
8,24,379,,19,48,6,33,0.6320754716981132
8,24,380,,6,94,28,33,0.6211180124223602
8,24,381,,9,50,3,13,0.7866666666666666
8,24,382,,19,150,6,61,0.7161016949152542
8,24,384,,42,138,10,32,0.8108108108108109
8,24,385,,59,89,1,25,0.8505747126436781
8,24,386,,15,219,29,15,0.841726618705036
8,24,387,,15,230,4,1,0.98
8,24,388,,31,192,9,22,0.8779527559055118
8,24,389,,20,149,3,41,0.7934272300469484
8,24,390,,143,52,9,5,0.9330143540669856
8,24,391,,150,64,16,11,0.8879668049792531
8,24,392,,63,166,25,14,0.8544776119402985
8,24,408,,26,58,2,25,0.7567567567567568
8,24,428,,58,149,22,47,0.75
8,24,429,,43,120,4,42,0.7799043062200957
8,24,430,,15,144,37,36,0.6853448275862069
8,24,432,,7,97,5,64,0.6011560693641619
8,24,433,,8,165,0,48,0.7828054298642534
8,24,434,,15,88,19,24,0.7054794520547946
8,24,435,,9,112,0,42,0.7423312883435583
8,24,436,,11,178,1,53,0.7777777777777778
8,26,379,,16,49,5,36,0.6132075471698113
8,26,380,,5,99,23,34,0.6459627329192547
8,26,381,,8,51,2,14,0.7866666666666666
8,26,382,,15,152,4,65,0.7076271186440678
8,26,384,,42,138,10,32,0.8108108108108109
8,26,385,,57,89,1,27,0.8390804597701149
8,26,386,,12,223,25,18,0.8453237410071942
8,26,387,,15,230,4,1,0.98
8,26,388,,27,192,9,26,0.8622047244094488
8,26,389,,20,149,3,41,0.7934272300469484
8,26,390,,142,52,9,6,0.9282296650717703
8,26,391,,150,64,16,11,0.8879668049792531
8,26,392,,58,172,19,19,0.8582089552238806
8,26,408,,25,58,2,26,0.7477477477477478
8,26,428,,54,153,18,51,0.75
8,26,429,,29,121,3,56,0.7177033492822966
8,26,430,,13,148,33,38,0.6939655172413793
8,26,432,,5,102,0,66,0.6184971098265896
8,26,433,,5,165,0,51,0.7692307692307693
8,26,434,,15,88,19,24,0.7054794520547946
8,26,435,,9,112,0,42,0.7423312883435583
8,26,436,,11,179,0,53,0.7818930041152263
8,28,379,,16,49,5,36,0.6132075471698113
8,28,380,,5,104,18,34,0.6770186335403726
8,28,381,,8,52,1,14,0.8
8,28,382,,15,153,3,65,0.711864406779661
8,28,384,,42,139,9,32,0.8153153153153153
8,28,385,,57,89,1,27,0.8390804597701149
8,28,386,,12,230,18,18,0.8705035971223022
8,28,387,,15,230,4,1,0.98
8,28,388,,26,199,2,27,0.8858267716535433
8,28,389,,20,149,3,41,0.7934272300469484
8,28,390,,140,52,9,8,0.9186602870813397
8,28,391,,148,67,13,13,0.8921161825726142
8,28,392,,57,176,15,20,0.8694029850746269
8,28,408,,25,58,2,26,0.7477477477477478
8,28,428,,42,155,16,63,0.7137681159420289
8,28,429,,27,121,3,58,0.7081339712918661
8,28,430,,11,151,30,40,0.6982758620689655
8,28,432,,5,102,0,66,0.6184971098265896
8,28,433,,5,165,0,51,0.7692307692307693
8,28,434,,14,99,8,25,0.773972602739726
8,28,435,,9,112,0,42,0.7423312883435583
8,28,436,,11,179,0,53,0.7818930041152263
10,4,379,,52,5,49,0,0.5377358490566038
10,4,380,,37,29,93,2,0.40993788819875776
10,4,381,,20,34,19,2,0.72
10,4,382,,69,93,63,11,0.6864406779661016
10,4,384,,68,61,87,6,0.581081081081081
10,4,385,,82,68,22,2,0.8620689655172413
10,4,386,,30,37,211,0,0.24100719424460432
10,4,387,,16,31,203,0,0.188
10,4,388,,53,48,153,0,0.39763779527559057
10,4,389,,50,38,114,11,0.4131455399061033
10,4,390,,148,29,32,0,0.84688995215311
10,4,391,,157,18,62,4,0.7261410788381742
10,4,392,,77,6,185,0,0.30970149253731344
10,4,408,,44,16,44,7,0.5405405405405406
10,4,428,,105,29,142,0,0.4855072463768116
10,4,429,,79,63,61,6,0.6794258373205742
10,4,430,,51,43,138,0,0.4051724137931034
10,4,432,,59,52,50,12,0.6416184971098265
10,4,433,,50,115,50,6,0.746606334841629
10,4,434,,39,30,77,0,0.4726027397260274
10,4,435,,41,81,31,10,0.7484662576687117
10,4,436,,64,99,80,0,0.6707818930041153
10,6,379,,50,7,47,2,0.5377358490566038
10,6,380,,37,33,89,2,0.43478260869565216
10,6,381,,18,36,17,4,0.72
10,6,382,,45,127,29,35,0.7288135593220338
10,6,384,,64,89,59,10,0.6891891891891891
10,6,385,,82,71,19,2,0.8793103448275862
10,6,386,,28,48,200,2,0.2733812949640288
10,6,387,,16,52,182,0,0.272
10,6,388,,53,75,126,0,0.5039370078740157
10,6,389,,47,46,106,14,0.43661971830985913
10,6,390,,148,34,27,0,0.8708133971291866
10,6,391,,157,28,52,4,0.7676348547717843
10,6,392,,77,33,158,0,0.41044776119402987
10,6,408,,39,24,36,12,0.5675675675675675
10,6,428,,105,46,125,0,0.5471014492753623
10,6,429,,77,73,51,8,0.7177033492822966
10,6,430,,51,55,126,0,0.45689655172413796
10,6,432,,53,58,44,18,0.6416184971098265
10,6,433,,44,130,35,12,0.7873303167420814
10,6,434,,39,42,65,0,0.5547945205479452
10,6,435,,40,84,28,11,0.7607361963190185
10,6,436,,59,138,41,5,0.8106995884773662
10,8,379,,43,19,35,9,0.5849056603773585
10,8,380,,37,46,76,2,0.515527950310559
10,8,381,,16,38,15,6,0.72
10,8,382,,39,144,12,41,0.7754237288135594
10,8,384,,62,108,40,12,0.7657657657657657
10,8,385,,81,78,12,3,0.9137931034482759
10,8,386,,27,87,161,3,0.41007194244604317
10,8,387,,16,79,155,0,0.38
10,8,388,,52,93,108,1,0.5708661417322834
10,8,389,,46,62,90,15,0.5070422535211268
10,8,390,,148,34,27,0,0.8708133971291866
10,8,391,,157,30,50,4,0.7759336099585062
10,8,392,,74,67,124,3,0.5261194029850746
10,8,408,,39,28,32,12,0.6036036036036037
10,8,428,,104,58,113,1,0.5869565217391305
10,8,429,,76,80,44,9,0.7464114832535885
10,8,430,,51,65,116,0,0.5
10,8,432,,48,63,39,23,0.6416184971098265
10,8,433,,29,142,23,27,0.7737556561085973
10,8,434,,39,58,49,0,0.6643835616438356
10,8,435,,38,92,20,13,0.7975460122699386
10,8,436,,59,147,32,5,0.8477366255144033
10,10,379,,43,26,28,9,0.6509433962264151
10,10,380,,32,50,72,7,0.5093167701863354
10,10,381,,16,39,14,6,0.7333333333333333
10,10,382,,36,144,12,44,0.7627118644067796
10,10,384,,57,124,24,17,0.8153153153153153
10,10,385,,79,82,8,5,0.9252873563218391
10,10,386,,27,125,123,3,0.5467625899280576
10,10,387,,14,130,104,2,0.576
10,10,388,,49,120,81,4,0.6653543307086615
10,10,389,,43,86,66,18,0.6056338028169014
10,10,390,,148,34,27,0,0.8708133971291866
10,10,391,,157,45,35,4,0.8381742738589212
10,10,392,,74,84,107,3,0.5895522388059702
10,10,408,,37,32,28,14,0.6216216216216216
10,10,428,,96,72,99,9,0.6086956521739131
10,10,429,,75,81,43,10,0.7464114832535885
10,10,430,,51,78,103,0,0.5560344827586207
10,10,432,,38,83,19,33,0.6994219653179191
10,10,433,,27,151,14,29,0.8054298642533937
10,10,434,,39,67,40,0,0.726027397260274
10,10,435,,37,97,15,14,0.8220858895705522
10,10,436,,52,160,19,12,0.8724279835390947
10,12,379,,41,28,26,11,0.6509433962264151
10,12,380,,23,58,64,16,0.5031055900621118
10,12,381,,16,42,11,6,0.7733333333333333
10,12,382,,34,144,12,46,0.7542372881355932
10,12,384,,56,135,13,18,0.8603603603603603
10,12,385,,79,82,8,5,0.9252873563218391
10,12,386,,27,148,100,3,0.6294964028776978
10,12,387,,14,162,72,2,0.704
10,12,388,,48,150,51,5,0.7795275590551181
10,12,389,,39,103,49,22,0.6666666666666666
10,12,390,,148,37,24,0,0.8851674641148325
10,12,391,,156,46,34,5,0.8381742738589212
10,12,392,,73,102,89,4,0.6529850746268657
10,12,408,,36,34,26,15,0.6306306306306306
10,12,428,,93,77,94,12,0.6159420289855072
10,12,429,,73,87,37,12,0.7655502392344498
10,12,430,,45,85,96,6,0.5603448275862069
10,12,432,,28,86,16,43,0.6589595375722543
10,12,433,,25,152,13,31,0.8009049773755657
10,12,434,,39,71,36,0,0.7534246575342466
10,12,435,,25,104,8,26,0.7914110429447853
10,12,436,,47,164,15,17,0.8683127572016461
10,14,379,,35,31,23,17,0.6226415094339622
10,14,380,,18,66,56,21,0.5217391304347826
10,14,381,,16,42,11,6,0.7733333333333333
10,14,382,,32,145,11,48,0.75
10,14,384,,55,138,10,19,0.8693693693693694
10,14,385,,79,82,8,5,0.9252873563218391
10,14,386,,26,163,85,4,0.6798561151079137
10,14,387,,14,184,50,2,0.792
10,14,388,,47,162,39,6,0.8228346456692913
10,14,389,,38,115,37,23,0.7183098591549296
10,14,390,,148,37,24,0,0.8851674641148325
10,14,391,,155,51,29,6,0.8547717842323651
10,14,392,,72,117,74,5,0.7052238805970149
10,14,408,,36,39,21,15,0.6756756756756757
10,14,428,,93,97,74,12,0.6884057971014492
10,14,429,,65,96,28,20,0.7703349282296651
10,14,430,,45,91,90,6,0.5862068965517241
10,14,432,,24,86,16,47,0.6358381502890174
10,14,433,,16,152,13,40,0.7601809954751131
10,14,434,,39,80,27,0,0.815068493150685
10,14,435,,24,104,8,27,0.7852760736196319
10,14,436,,46,169,10,18,0.8847736625514403
10,16,379,,30,35,19,22,0.6132075471698113
10,16,380,,11,76,46,28,0.5403726708074534
10,16,381,,9,46,7,13,0.7333333333333333
10,16,382,,31,145,11,49,0.7457627118644068
10,16,384,,48,138,10,26,0.8378378378378378
10,16,385,,72,85,5,12,0.9022988505747126
10,16,386,,26,181,67,4,0.7446043165467626
10,16,387,,14,209,25,2,0.892
10,16,388,,46,175,26,7,0.8700787401574803
10,16,389,,29,141,11,32,0.7981220657276995
10,16,390,,148,40,21,0,0.8995215311004785
10,16,391,,153,59,21,8,0.8796680497925311
10,16,392,,66,138,53,11,0.7611940298507462
10,16,408,,34,50,10,17,0.7567567567567568
10,16,428,,87,122,49,18,0.7572463768115942
10,16,429,,61,105,19,24,0.7942583732057417
10,16,430,,45,96,85,6,0.6077586206896551
10,16,432,,23,88,14,48,0.6416184971098265
10,16,433,,16,154,11,40,0.7692307692307693
10,16,434,,38,80,27,1,0.8082191780821918
10,16,435,,15,107,5,36,0.7484662576687117
10,16,436,,40,176,3,24,0.8888888888888888
10,18,379,,30,40,14,22,0.660377358490566
10,18,380,,11,82,40,28,0.577639751552795
10,18,381,,9,49,4,13,0.7733333333333333
10,18,382,,25,148,8,55,0.7330508474576272
10,18,384,,48,138,10,26,0.8378378378378378
10,18,385,,64,85,5,20,0.8563218390804598
10,18,386,,19,198,50,11,0.7805755395683454
10,18,387,,14,215,19,2,0.916
10,18,388,,44,180,21,9,0.8818897637795275
10,18,389,,26,146,6,35,0.8075117370892019
10,18,390,,148,48,13,0,0.937799043062201
10,18,391,,153,59,21,8,0.8796680497925311
10,18,392,,63,149,42,14,0.7910447761194029
10,18,408,,31,53,7,20,0.7567567567567568
10,18,428,,85,132,39,20,0.7862318840579711
10,18,429,,59,111,13,26,0.8133971291866029
10,18,430,,37,109,72,14,0.6293103448275862
10,18,432,,16,94,8,55,0.6358381502890174
10,18,433,,12,159,6,44,0.7737556561085973
10,18,434,,31,87,20,8,0.8082191780821918
10,18,435,,15,107,5,36,0.7484662576687117
10,18,436,,33,179,0,31,0.8724279835390947
10,20,379,,22,44,10,30,0.6226415094339622
10,20,380,,8,88,34,31,0.5962732919254659
10,20,381,,9,49,4,13,0.7733333333333333
10,20,382,,25,148,8,55,0.7330508474576272
10,20,384,,45,138,10,29,0.8243243243243243
10,20,385,,62,85,5,22,0.8448275862068966
10,20,386,,19,208,40,11,0.8165467625899281
10,20,387,,14,217,17,2,0.924
10,20,388,,41,188,13,12,0.9015748031496063
10,20,389,,23,147,5,38,0.7981220657276995
10,20,390,,148,48,13,0,0.937799043062201
10,20,391,,151,62,18,10,0.8838174273858921
10,20,392,,63,159,32,14,0.8283582089552238
10,20,408,,31,53,7,20,0.7567567567567568
10,20,428,,68,141,30,37,0.7572463768115942
10,20,429,,59,117,7,26,0.8421052631578947
10,20,430,,26,130,51,25,0.6724137931034483
10,20,432,,12,95,7,59,0.6184971098265896
10,20,433,,6,161,4,50,0.755656108597285
10,20,434,,29,90,17,10,0.815068493150685
10,20,435,,11,107,5,40,0.7239263803680982
10,20,436,,33,179,0,31,0.8724279835390947
10,22,379,,19,49,5,33,0.6415094339622641
10,22,380,,4,96,26,35,0.6211180124223602
10,22,381,,8,50,3,14,0.7733333333333333
10,22,382,,19,151,5,61,0.7203389830508474
10,22,384,,45,140,8,29,0.8333333333333334
10,22,385,,61,88,2,23,0.8563218390804598
10,22,386,,17,213,35,13,0.8273381294964028
10,22,387,,14,227,7,2,0.964
10,22,388,,38,190,11,15,0.8976377952755905
10,22,389,,23,147,5,38,0.7981220657276995
10,22,390,,147,49,12,1,0.937799043062201
10,22,391,,149,62,18,12,0.8755186721991701
10,22,392,,63,163,28,14,0.8432835820895522
10,22,408,,29,55,5,22,0.7567567567567568
10,22,428,,57,142,29,48,0.7210144927536232
10,22,429,,45,118,6,40,0.7799043062200957
10,22,430,,22,142,39,29,0.7068965517241379
10,22,432,,2,96,6,69,0.5664739884393064
10,22,433,,6,164,1,50,0.7692307692307693
10,22,434,,20,94,13,19,0.7808219178082192
10,22,435,,11,112,0,40,0.754601226993865
10,22,436,,30,179,0,34,0.8600823045267489
10,24,379,,17,49,5,35,0.6226415094339622
10,24,380,,4,98,24,35,0.6335403726708074
10,24,381,,6,50,3,16,0.7466666666666667
10,24,382,,19,151,5,61,0.7203389830508474
10,24,384,,45,140,8,29,0.8333333333333334
10,24,385,,60,88,2,24,0.8505747126436781
10,24,386,,16,227,21,14,0.8741007194244604
10,24,387,,14,229,5,2,0.972
10,24,388,,35,192,9,18,0.8937007874015748
10,24,389,,16,149,3,45,0.7746478873239436
10,24,390,,147,49,12,1,0.937799043062201
10,24,391,,149,63,17,12,0.8796680497925311
10,24,392,,63,168,23,14,0.8619402985074627
10,24,408,,29,57,3,22,0.7747747747747747
10,24,428,,51,151,20,54,0.7318840579710145
10,24,429,,39,122,2,46,0.7703349282296651
10,24,430,,10,147,34,41,0.6767241379310345
10,24,432,,2,100,2,69,0.5895953757225434
10,24,433,,4,165,0,52,0.7647058823529411
10,24,434,,15,94,13,24,0.7465753424657534
10,24,435,,9,112,0,42,0.7423312883435583
10,24,436,,7,179,0,57,0.7654320987654321
10,26,379,,15,49,5,37,0.6037735849056604
10,26,380,,3,102,20,36,0.6521739130434783
10,26,381,,5,51,2,17,0.7466666666666667
10,26,382,,15,152,4,65,0.7076271186440678
10,26,384,,45,140,8,29,0.8333333333333334
10,26,385,,57,88,2,27,0.8333333333333334
10,26,386,,11,230,18,19,0.8669064748201439
10,26,387,,14,229,5,2,0.972
10,26,388,,28,193,8,25,0.8700787401574803
10,26,389,,16,149,3,45,0.7746478873239436
10,26,390,,147,49,12,1,0.937799043062201
10,26,391,,149,63,17,12,0.8796680497925311
10,26,392,,61,172,19,16,0.8694029850746269
10,26,408,,23,58,2,28,0.7297297297297297
10,26,428,,48,158,13,57,0.7463768115942029
10,26,429,,26,122,2,59,0.7081339712918661
10,26,430,,10,152,29,41,0.6982758620689655
10,26,432,,0,102,0,71,0.5895953757225434
10,26,433,,1,165,0,55,0.751131221719457
10,26,434,,15,94,13,24,0.7465753424657534
10,26,435,,9,112,0,42,0.7423312883435583
10,26,436,,7,179,0,57,0.7654320987654321
10,28,379,,15,49,5,37,0.6037735849056604
10,28,380,,3,106,16,36,0.6770186335403726
10,28,381,,5,52,1,17,0.76
10,28,382,,15,152,4,65,0.7076271186440678
10,28,384,,44,141,7,30,0.8333333333333334
10,28,385,,57,88,2,27,0.8333333333333334
10,28,386,,11,236,12,19,0.8884892086330936
10,28,387,,14,230,4,2,0.976
10,28,388,,27,198,3,26,0.8858267716535433
10,28,389,,16,149,3,45,0.7746478873239436
10,28,390,,145,49,12,3,0.9282296650717703
10,28,391,,146,64,16,15,0.8713692946058091
10,28,392,,59,176,15,18,0.8768656716417911
10,28,408,,23,58,2,28,0.7297297297297297
10,28,428,,36,160,11,69,0.7101449275362319
10,28,429,,24,122,2,61,0.6985645933014354
10,28,430,,6,154,27,45,0.6896551724137931
10,28,432,,0,102,0,71,0.5895953757225434
10,28,433,,1,165,0,55,0.751131221719457
10,28,434,,14,101,6,25,0.7876712328767124
10,28,435,,9,112,0,42,0.7423312883435583
10,28,436,,7,179,0,57,0.7654320987654321
12,4,379,,52,4,50,0,0.5283018867924528
12,4,380,,37,23,99,2,0.37267080745341613
12,4,381,,20,33,20,2,0.7066666666666667
12,4,382,,69,95,61,11,0.6949152542372882
12,4,384,,69,58,90,5,0.5720720720720721
12,4,385,,81,66,24,3,0.8448275862068966
12,4,386,,30,35,213,0,0.23381294964028776
12,4,387,,16,31,203,0,0.188
12,4,388,,53,50,151,0,0.40551181102362205
12,4,389,,49,38,114,12,0.4084507042253521
12,4,390,,148,28,33,0,0.8421052631578947
12,4,391,,159,17,63,2,0.7302904564315352
12,4,392,,77,4,187,0,0.30223880597014924
12,4,408,,45,17,43,6,0.5585585585585585
12,4,428,,105,31,140,0,0.4927536231884058
12,4,429,,77,62,62,8,0.6650717703349283
12,4,430,,51,38,143,0,0.38362068965517243
12,4,432,,57,53,49,14,0.6358381502890174
12,4,433,,48,113,52,8,0.7285067873303167
12,4,434,,39,32,75,0,0.4863013698630137
12,4,435,,43,84,28,8,0.7791411042944786
12,4,436,,64,101,78,0,0.6790123456790124
12,6,379,,48,5,49,4,0.5
12,6,380,,37,28,94,2,0.40372670807453415
12,6,381,,19,35,18,3,0.72
12,6,382,,47,130,26,33,0.75
12,6,384,,62,92,56,12,0.6936936936936937
12,6,385,,81,72,18,3,0.8793103448275862
12,6,386,,29,45,203,1,0.26618705035971224
12,6,387,,16,53,181,0,0.276
12,6,388,,53,76,125,0,0.5078740157480315
12,6,389,,44,45,107,17,0.41784037558685444
12,6,390,,148,33,28,0,0.8660287081339713
12,6,391,,158,28,52,3,0.7717842323651453
12,6,392,,75,28,163,2,0.3843283582089552
12,6,408,,40,25,35,11,0.5855855855855856
12,6,428,,105,46,125,0,0.5471014492753623
12,6,429,,75,72,52,10,0.7033492822966507
12,6,430,,51,53,128,0,0.4482758620689655
12,6,432,,52,59,43,19,0.6416184971098265
12,6,433,,42,131,34,14,0.7828054298642534
12,6,434,,39,45,62,0,0.5753424657534246
12,6,435,,42,87,25,9,0.7914110429447853
12,6,436,,59,142,37,5,0.8271604938271605
12,8,379,,43,13,41,9,0.5283018867924528
12,8,380,,37,36,86,2,0.453416149068323
12,8,381,,18,37,16,4,0.7333333333333333
12,8,382,,38,144,12,42,0.7711864406779662
12,8,384,,59,108,40,15,0.7522522522522522
12,8,385,,80,79,11,4,0.9137931034482759
12,8,386,,28,82,166,2,0.39568345323741005
12,8,387,,16,79,155,0,0.38
12,8,388,,52,92,109,1,0.5669291338582677
12,8,389,,43,65,87,18,0.5070422535211268
12,8,390,,148,35,26,0,0.8755980861244019
12,8,391,,158,29,51,3,0.7759336099585062
12,8,392,,74,60,131,3,0.5
12,8,408,,40,29,31,11,0.6216216216216216
12,8,428,,105,60,111,0,0.5978260869565217
12,8,429,,73,78,46,12,0.722488038277512
12,8,430,,51,62,119,0,0.4870689655172414
12,8,432,,48,65,37,23,0.653179190751445
12,8,433,,29,142,23,27,0.7737556561085973
12,8,434,,39,60,47,0,0.678082191780822
12,8,435,,40,90,22,11,0.7975460122699386
12,8,436,,59,149,30,5,0.8559670781893004
12,10,379,,42,23,31,10,0.6132075471698113
12,10,380,,35,42,80,4,0.4782608695652174
12,10,381,,18,38,15,4,0.7466666666666667
12,10,382,,36,144,12,44,0.7627118644067796
12,10,384,,53,126,22,21,0.8063063063063063
12,10,385,,79,82,8,5,0.9252873563218391
12,10,386,,27,121,127,3,0.5323741007194245
12,10,387,,14,132,102,2,0.584
12,10,388,,49,120,81,4,0.6653543307086615
12,10,389,,40,89,63,21,0.6056338028169014
12,10,390,,148,35,26,0,0.8755980861244019
12,10,391,,158,43,37,3,0.8340248962655602
12,10,392,,74,83,108,3,0.585820895522388
12,10,408,,37,31,29,14,0.6126126126126126
12,10,428,,96,70,101,9,0.6014492753623188
12,10,429,,71,81,43,14,0.7272727272727273
12,10,430,,51,74,107,0,0.5387931034482759
12,10,432,,36,87,15,35,0.7109826589595376
12,10,433,,28,150,15,28,0.8054298642533937
12,10,434,,39,69,38,0,0.7397260273972602
12,10,435,,36,96,16,15,0.8098159509202454
12,10,436,,48,164,15,16,0.8724279835390947
12,12,379,,40,27,27,12,0.6320754716981132
12,12,380,,26,56,66,13,0.5093167701863354
12,12,381,,18,40,13,4,0.7733333333333333
12,12,382,,34,144,12,46,0.7542372881355932
12,12,384,,53,137,11,21,0.8558558558558559
12,12,385,,79,82,8,5,0.9252873563218391
12,12,386,,27,147,101,3,0.6258992805755396
12,12,387,,14,162,72,2,0.704
12,12,388,,48,149,52,5,0.7755905511811023
12,12,389,,37,106,46,24,0.6713615023474179
12,12,390,,148,37,24,0,0.8851674641148325
12,12,391,,156,43,37,5,0.8257261410788381
12,12,392,,73,102,89,4,0.6529850746268657
12,12,408,,36,33,27,15,0.6216216216216216
12,12,428,,90,77,94,15,0.605072463768116
12,12,429,,70,89,35,15,0.7607655502392344
12,12,430,,48,83,98,3,0.5646551724137931
12,12,432,,28,91,11,43,0.6878612716763006
12,12,433,,25,150,15,31,0.7918552036199095
12,12,434,,39,75,32,0,0.7808219178082192
12,12,435,,29,104,8,22,0.8159509202453987
12,12,436,,42,165,14,22,0.8518518518518519
12,14,379,,33,32,22,19,0.6132075471698113
12,14,380,,19,70,52,20,0.5527950310559007
12,14,381,,18,40,13,4,0.7733333333333333
12,14,382,,31,146,10,49,0.75
12,14,384,,50,139,9,24,0.8513513513513513
12,14,385,,79,82,8,5,0.9252873563218391
12,14,386,,25,163,85,5,0.6762589928057554
12,14,387,,14,189,45,2,0.812
12,14,388,,47,159,42,6,0.8110236220472441
12,14,389,,35,113,39,26,0.6948356807511737
12,14,390,,148,37,24,0,0.8851674641148325
12,14,391,,156,49,31,5,0.8506224066390041
12,14,392,,72,116,75,5,0.7014925373134329
12,14,408,,36,40,20,15,0.6846846846846847
12,14,428,,90,95,76,15,0.6702898550724637
12,14,429,,61,98,26,24,0.7607655502392344
12,14,430,,48,89,92,3,0.5905172413793104
12,14,432,,22,92,10,49,0.6589595375722543
12,14,433,,17,151,14,39,0.7601809954751131
12,14,434,,39,85,22,0,0.8493150684931506
12,14,435,,27,104,8,24,0.803680981595092
12,14,436,,41,174,5,23,0.8847736625514403
12,16,379,,28,37,17,24,0.6132075471698113
12,16,380,,9,82,40,30,0.5652173913043478
12,16,381,,7,44,9,15,0.68
12,16,382,,30,146,10,50,0.7457627118644068
12,16,384,,43,140,8,31,0.8243243243243243
12,16,385,,72,84,6,12,0.896551724137931
12,16,386,,25,183,65,5,0.7482014388489209
12,16,387,,14,216,18,2,0.92
12,16,388,,45,175,26,8,0.8661417322834646
12,16,389,,28,142,10,33,0.7981220657276995
12,16,390,,148,41,20,0,0.9043062200956937
12,16,391,,154,58,22,7,0.8796680497925311
12,16,392,,68,140,51,9,0.7761194029850746
12,16,408,,34,53,7,17,0.7837837837837838
12,16,428,,84,129,42,21,0.7717391304347826
12,16,429,,55,108,16,30,0.7799043062200957
12,16,430,,48,94,87,3,0.6120689655172413
12,16,432,,22,94,8,49,0.6705202312138728
12,16,433,,15,153,12,41,0.7601809954751131
12,16,434,,37,85,22,2,0.8356164383561644
12,16,435,,16,106,6,35,0.7484662576687117
12,16,436,,38,177,2,26,0.8847736625514403
12,18,379,,28,41,13,24,0.6509433962264151
12,18,380,,9,89,33,30,0.6086956521739131
12,18,381,,7,47,6,15,0.72
12,18,382,,20,150,6,60,0.7203389830508474
12,18,384,,43,140,8,31,0.8243243243243243
12,18,385,,63,85,5,21,0.8505747126436781
12,18,386,,21,199,49,9,0.7913669064748201
12,18,387,,14,218,16,2,0.928
12,18,388,,43,183,18,10,0.889763779527559
12,18,389,,23,144,8,38,0.784037558685446
12,18,390,,148,48,13,0,0.937799043062201
12,18,391,,154,58,22,7,0.8796680497925311
12,18,392,,62,155,36,15,0.8097014925373134
12,18,408,,31,55,5,20,0.7747747747747747
12,18,428,,81,137,34,24,0.7898550724637681
12,18,429,,54,113,11,31,0.7990430622009569
12,18,430,,34,113,68,17,0.6336206896551724
12,18,432,,13,99,3,58,0.6473988439306358
12,18,433,,8,159,6,48,0.755656108597285
12,18,434,,31,89,18,8,0.821917808219178
12,18,435,,16,106,6,35,0.7484662576687117
12,18,436,,35,179,0,29,0.8806584362139918
12,20,379,,18,45,9,34,0.5943396226415094
12,20,380,,6,96,26,33,0.6335403726708074
12,20,381,,7,47,6,15,0.72
12,20,382,,20,150,6,60,0.7203389830508474
12,20,384,,42,140,8,32,0.8198198198198198
12,20,385,,61,85,5,23,0.8390804597701149
12,20,386,,20,207,41,10,0.8165467625899281
12,20,387,,14,225,9,2,0.956
12,20,388,,39,190,11,14,0.9015748031496063
12,20,389,,21,148,4,40,0.7934272300469484
12,20,390,,148,48,13,0,0.937799043062201
12,20,391,,152,60,20,9,0.8796680497925311
12,20,392,,62,162,29,15,0.835820895522388
12,20,408,,31,55,5,20,0.7747747747747747
12,20,428,,66,143,28,39,0.7572463768115942
12,20,429,,54,117,7,31,0.8181818181818182
12,20,430,,21,133,48,30,0.6637931034482759
12,20,432,,9,100,2,62,0.630057803468208
12,20,433,,4,161,4,52,0.746606334841629
12,20,434,,30,92,15,9,0.8356164383561644
12,20,435,,11,106,6,40,0.7177914110429447
12,20,436,,35,179,0,29,0.8806584362139918
12,22,379,,16,49,5,36,0.6132075471698113
12,22,380,,4,101,21,35,0.6521739130434783
12,22,381,,4,49,4,18,0.7066666666666667
12,22,382,,15,154,2,65,0.7161016949152542
12,22,384,,42,142,6,32,0.8288288288288288
12,22,385,,60,88,2,24,0.8505747126436781
12,22,386,,19,214,34,11,0.8381294964028777
12,22,387,,14,227,7,2,0.964
12,22,388,,31,192,9,22,0.8779527559055118
12,22,389,,21,148,4,40,0.7934272300469484
12,22,390,,148,49,12,0,0.9425837320574163
12,22,391,,150,60,20,11,0.8713692946058091
12,22,392,,62,170,21,15,0.8656716417910447
12,22,408,,30,56,4,21,0.7747747747747747
12,22,428,,53,144,27,52,0.7137681159420289
12,22,429,,45,117,7,40,0.7751196172248804
12,22,430,,18,142,39,33,0.6896551724137931
12,22,432,,1,102,0,70,0.5953757225433526
12,22,433,,4,164,1,52,0.7601809954751131
12,22,434,,19,96,11,20,0.7876712328767124
12,22,435,,11,111,1,40,0.7484662576687117
12,22,436,,31,179,0,33,0.8641975308641975
12,24,379,,14,49,5,38,0.5943396226415094
12,24,380,,4,102,20,35,0.6583850931677019
12,24,381,,4,50,3,18,0.72
12,24,382,,15,154,2,65,0.7161016949152542
12,24,384,,41,142,6,33,0.8243243243243243
12,24,385,,56,88,2,28,0.8275862068965517
12,24,386,,18,228,20,12,0.8848920863309353
12,24,387,,14,229,5,2,0.972
12,24,388,,31,193,8,22,0.8818897637795275
12,24,389,,13,149,3,48,0.7605633802816901
12,24,390,,148,49,12,0,0.9425837320574163
12,24,391,,150,61,19,11,0.8755186721991701
12,24,392,,62,175,16,15,0.8843283582089553
12,24,408,,30,57,3,21,0.7837837837837838
12,24,428,,49,155,16,56,0.7391304347826086
12,24,429,,37,120,4,48,0.7511961722488039
12,24,430,,9,150,31,42,0.6853448275862069
12,24,432,,0,102,0,71,0.5895953757225434
12,24,433,,4,165,0,52,0.7647058823529411
12,24,434,,16,96,11,23,0.7671232876712328
12,24,435,,9,112,0,42,0.7423312883435583
12,24,436,,4,179,0,60,0.7530864197530864
12,26,379,,14,49,5,38,0.5943396226415094
12,26,380,,4,106,16,35,0.6832298136645962
12,26,381,,4,51,2,18,0.7333333333333333
12,26,382,,14,154,2,66,0.711864406779661
12,26,384,,41,142,6,33,0.8243243243243243
12,26,385,,54,88,2,30,0.8160919540229885
12,26,386,,9,233,15,21,0.8705035971223022
12,26,387,,14,229,5,2,0.972
12,26,388,,29,194,7,24,0.8779527559055118
12,26,389,,13,149,3,48,0.7605633802816901
12,26,390,,148,49,12,0,0.9425837320574163
12,26,391,,150,61,19,11,0.8755186721991701
12,26,392,,61,175,16,16,0.8805970149253731
12,26,408,,27,57,3,24,0.7567567567567568
12,26,428,,47,161,10,58,0.7536231884057971
12,26,429,,30,121,3,55,0.722488038277512
12,26,430,,8,154,27,43,0.6982758620689655
12,26,432,,0,102,0,71,0.5895953757225434
12,26,433,,1,165,0,55,0.751131221719457
12,26,434,,16,96,11,23,0.7671232876712328
12,26,435,,9,112,0,42,0.7423312883435583
12,26,436,,4,179,0,60,0.7530864197530864
12,28,379,,14,49,5,38,0.5943396226415094
12,28,380,,4,112,10,35,0.7204968944099379
12,28,381,,3,53,0,19,0.7466666666666667
12,28,382,,14,154,2,66,0.711864406779661
12,28,384,,39,143,5,35,0.8198198198198198
12,28,385,,54,88,2,30,0.8160919540229885
12,28,386,,9,238,10,21,0.8884892086330936
12,28,387,,14,232,2,2,0.984
12,28,388,,28,199,2,25,0.8937007874015748
12,28,389,,13,149,3,48,0.7605633802816901
12,28,390,,147,49,12,1,0.937799043062201
12,28,391,,146,63,17,15,0.8672199170124482
12,28,392,,60,176,15,17,0.8805970149253731
12,28,408,,26,57,3,25,0.7477477477477478
12,28,428,,34,163,8,71,0.7137681159420289
12,28,429,,26,121,3,59,0.7033492822966507
12,28,430,,6,154,27,45,0.6896551724137931
12,28,432,,0,102,0,71,0.5895953757225434
12,28,433,,1,165,0,55,0.751131221719457
12,28,434,,15,102,5,24,0.8013698630136986
12,28,435,,9,112,0,42,0.7423312883435583
12,28,436,,4,179,0,60,0.7530864197530864
14,4,379,,52,4,50,0,0.5283018867924528
14,4,380,,37,29,93,2,0.40993788819875776
14,4,381,,20,36,17,2,0.7466666666666667
14,4,382,,71,94,62,9,0.6991525423728814
14,4,384,,69,60,88,5,0.581081081081081
14,4,385,,80,68,22,4,0.8505747126436781
14,4,386,,30,36,212,0,0.23741007194244604
14,4,387,,16,33,201,0,0.196
14,4,388,,53,52,149,0,0.41338582677165353
14,4,389,,47,38,114,14,0.39906103286384975
14,4,390,,148,26,35,0,0.8325358851674641
14,4,391,,161,18,62,0,0.7427385892116183
14,4,392,,77,1,190,0,0.291044776119403
14,4,408,,43,16,44,8,0.5315315315315315
14,4,428,,105,31,140,0,0.4927536231884058
14,4,429,,75,63,61,10,0.6602870813397129
14,4,430,,51,40,141,0,0.3922413793103448
14,4,432,,59,56,46,12,0.6647398843930635
14,4,433,,50,118,47,6,0.7601809954751131
14,4,434,,39,34,73,0,0.5
14,4,435,,43,85,27,8,0.7852760736196319
14,4,436,,64,104,75,0,0.691358024691358
14,6,379,,49,4,50,3,0.5
14,6,380,,37,35,87,2,0.4472049689440994
14,6,381,,18,37,16,4,0.7333333333333333
14,6,382,,41,132,24,39,0.7330508474576272
14,6,384,,60,94,54,14,0.6936936936936937
14,6,385,,79,73,17,5,0.8735632183908046
14,6,386,,30,47,201,0,0.27697841726618705
14,6,387,,16,51,183,0,0.268
14,6,388,,53,79,122,0,0.5196850393700787
14,6,389,,42,44,108,19,0.40375586854460094
14,6,390,,148,33,28,0,0.8660287081339713
14,6,391,,159,24,56,2,0.7593360995850622
14,6,392,,75,23,168,2,0.3656716417910448
14,6,408,,40,24,36,11,0.5765765765765766
14,6,428,,105,44,127,0,0.5398550724637681
14,6,429,,75,77,47,10,0.7272727272727273
14,6,430,,51,54,127,0,0.4525862068965517
14,6,432,,54,59,43,17,0.653179190751445
14,6,433,,43,135,30,13,0.8054298642533937
14,6,434,,39,46,61,0,0.5821917808219178
14,6,435,,42,86,26,9,0.7852760736196319
14,6,436,,59,145,34,5,0.8395061728395061
14,8,379,,46,8,46,6,0.5094339622641509
14,8,380,,37,43,79,2,0.4968944099378882
14,8,381,,18,39,14,4,0.76
14,8,382,,34,141,15,46,0.7415254237288136
14,8,384,,56,109,39,18,0.7432432432432432
14,8,385,,79,78,12,5,0.9022988505747126
14,8,386,,28,81,167,2,0.3920863309352518
14,8,387,,16,79,155,0,0.38
14,8,388,,52,98,103,1,0.5905511811023622
14,8,389,,41,60,92,20,0.47417840375586856
14,8,390,,148,33,28,0,0.8660287081339713
14,8,391,,158,26,54,3,0.7634854771784232
14,8,392,,75,54,137,2,0.48134328358208955
14,8,408,,40,29,31,11,0.6216216216216216
14,8,428,,105,61,110,0,0.6014492753623188
14,8,429,,73,84,40,12,0.7511961722488039
14,8,430,,50,63,118,1,0.4870689655172414
14,8,432,,48,65,37,23,0.653179190751445
14,8,433,,29,147,18,27,0.7963800904977375
14,8,434,,39,63,44,0,0.6986301369863014
14,8,435,,42,89,23,9,0.803680981595092
14,8,436,,59,153,26,5,0.8724279835390947
14,10,379,,44,19,35,8,0.5943396226415094
14,10,380,,34,47,75,5,0.5031055900621118
14,10,381,,18,41,12,4,0.7866666666666666
14,10,382,,30,143,13,50,0.7330508474576272
14,10,384,,51,129,19,23,0.8108108108108109
14,10,385,,78,83,7,6,0.9252873563218391
14,10,386,,26,121,127,4,0.5287769784172662
14,10,387,,14,129,105,2,0.572
14,10,388,,49,119,82,4,0.6614173228346457
14,10,389,,38,92,60,23,0.6103286384976526
14,10,390,,148,33,28,0,0.8660287081339713
14,10,391,,158,41,39,3,0.8257261410788381
14,10,392,,75,78,113,2,0.5708955223880597
14,10,408,,36,32,28,15,0.6126126126126126
14,10,428,,96,69,102,9,0.5978260869565217
14,10,429,,72,86,38,13,0.7559808612440191
14,10,430,,50,75,106,1,0.5387931034482759
14,10,432,,36,89,13,35,0.7225433526011561
14,10,433,,26,153,12,30,0.8099547511312217
14,10,434,,39,70,37,0,0.7465753424657534
14,10,435,,41,97,15,10,0.8466257668711656
14,10,436,,50,168,11,14,0.897119341563786
14,12,379,,40,24,30,12,0.6037735849056604
14,12,380,,22,66,56,17,0.546583850931677
14,12,381,,18,43,10,4,0.8133333333333334
14,12,382,,28,143,13,52,0.7245762711864406
14,12,384,,50,136,12,24,0.8378378378378378
14,12,385,,78,83,7,6,0.9252873563218391
14,12,386,,26,150,98,4,0.6330935251798561
14,12,387,,14,170,64,2,0.736
14,12,388,,48,148,53,5,0.7716535433070866
14,12,389,,34,110,42,27,0.676056338028169
14,12,390,,148,34,27,0,0.8708133971291866
14,12,391,,157,42,38,4,0.8257261410788381
14,12,392,,74,97,94,3,0.6380597014925373
14,12,408,,36,35,25,15,0.6396396396396397
14,12,428,,91,77,94,14,0.6086956521739131
14,12,429,,71,88,36,14,0.7607655502392344
14,12,430,,46,83,98,5,0.5560344827586207
14,12,432,,27,92,10,44,0.6878612716763006
14,12,433,,24,153,12,32,0.8009049773755657
14,12,434,,39,74,33,0,0.773972602739726
14,12,435,,27,104,8,24,0.803680981595092
14,12,436,,46,169,10,18,0.8847736625514403
14,14,379,,33,36,18,19,0.6509433962264151
14,14,380,,15,77,45,24,0.5714285714285714
14,14,381,,18,43,10,4,0.8133333333333334
14,14,382,,28,144,12,52,0.7288135593220338
14,14,384,,48,138,10,26,0.8378378378378378
14,14,385,,78,83,7,6,0.9252873563218391
14,14,386,,25,166,82,5,0.6870503597122302
14,14,387,,14,195,39,2,0.836
14,14,388,,47,161,40,6,0.8188976377952756
14,14,389,,32,118,34,29,0.704225352112676
14,14,390,,148,34,27,0,0.8708133971291866
14,14,391,,157,46,34,4,0.8423236514522822
14,14,392,,74,118,73,3,0.7164179104477612
14,14,408,,34,41,19,17,0.6756756756756757
14,14,428,,91,94,77,14,0.6702898550724637
14,14,429,,66,98,26,19,0.784688995215311
14,14,430,,46,90,91,5,0.5862068965517241
14,14,432,,21,92,10,50,0.653179190751445
14,14,433,,18,153,12,38,0.7737556561085973
14,14,434,,39,83,24,0,0.8356164383561644
14,14,435,,26,104,8,25,0.7975460122699386
14,14,436,,45,175,4,19,0.9053497942386831
14,16,379,,30,39,15,22,0.6509433962264151
14,16,380,,6,88,34,33,0.5838509316770186
14,16,381,,10,45,8,12,0.7333333333333333
14,16,382,,28,144,12,52,0.7288135593220338
14,16,384,,41,138,10,33,0.8063063063063063
14,16,385,,70,85,5,14,0.8908045977011494
14,16,386,,25,185,63,5,0.7553956834532374
14,16,387,,14,219,15,2,0.932
14,16,388,,45,182,19,8,0.8937007874015748
14,16,389,,26,141,11,35,0.784037558685446
14,16,390,,148,42,19,0,0.9090909090909091
14,16,391,,155,56,24,6,0.8755186721991701
14,16,392,,68,145,46,9,0.7947761194029851
14,16,408,,33,53,7,18,0.7747747747747747
14,16,428,,83,129,42,22,0.7681159420289855
14,16,429,,61,112,12,24,0.8277511961722488
14,16,430,,46,97,84,5,0.6163793103448276
14,16,432,,21,95,7,50,0.6705202312138728
14,16,433,,14,153,12,42,0.755656108597285
14,16,434,,38,85,22,1,0.8424657534246576
14,16,435,,16,105,7,35,0.7423312883435583
14,16,436,,41,178,1,23,0.9012345679012346
14,18,379,,30,40,14,22,0.660377358490566
14,18,380,,6,94,28,33,0.6211180124223602
14,18,381,,10,48,5,12,0.7733333333333333
14,18,382,,17,152,4,63,0.7161016949152542
14,18,384,,41,138,10,33,0.8063063063063063
14,18,385,,62,86,4,22,0.8505747126436781
14,18,386,,22,203,45,8,0.8093525179856115
14,18,387,,14,221,13,2,0.94
14,18,388,,39,187,14,14,0.889763779527559
14,18,389,,20,142,10,41,0.7605633802816901
14,18,390,,148,46,15,0,0.9282296650717703
14,18,391,,155,56,24,6,0.8755186721991701
14,18,392,,66,159,32,11,0.8395522388059702
14,18,408,,29,55,5,22,0.7567567567567568
14,18,428,,79,135,36,26,0.7753623188405797
14,18,429,,60,117,7,25,0.84688995215311
14,18,430,,33,117,64,18,0.646551724137931
14,18,432,,11,100,2,60,0.6416184971098265
14,18,433,,6,160,5,50,0.751131221719457
14,18,434,,33,90,17,6,0.8424657534246576
14,18,435,,16,105,7,35,0.7423312883435583
14,18,436,,37,179,0,27,0.8888888888888888
14,20,379,,18,47,7,34,0.6132075471698113
14,20,380,,3,100,22,36,0.639751552795031
14,20,381,,10,48,5,12,0.7733333333333333
14,20,382,,17,152,4,63,0.7161016949152542
14,20,384,,41,139,9,33,0.8108108108108109
14,20,385,,59,86,4,25,0.8333333333333334
14,20,386,,22,210,38,8,0.8345323741007195
14,20,387,,14,226,8,2,0.96
14,20,388,,38,192,9,15,0.905511811023622
14,20,389,,19,147,5,42,0.7793427230046949
14,20,390,,148,46,15,0,0.9282296650717703
14,20,391,,149,59,21,12,0.8630705394190872
14,20,392,,64,163,28,13,0.8470149253731343
14,20,408,,29,55,5,22,0.7567567567567568
14,20,428,,66,143,28,39,0.7572463768115942
14,20,429,,60,119,5,25,0.8564593301435407
14,20,430,,19,138,43,32,0.6767241379310345
14,20,432,,6,101,1,65,0.6184971098265896
14,20,433,,3,161,4,53,0.7420814479638009
14,20,434,,31,95,12,8,0.863013698630137
14,20,435,,11,105,7,40,0.7116564417177914
14,20,436,,37,179,0,27,0.8888888888888888
14,22,379,,17,49,5,35,0.6226415094339622
14,22,380,,3,105,17,36,0.6708074534161491
14,22,381,,8,49,4,14,0.76
14,22,382,,13,153,3,67,0.7033898305084746
14,22,384,,41,141,7,33,0.8198198198198198
14,22,385,,58,88,2,26,0.8390804597701149
14,22,386,,20,216,32,10,0.8489208633093526
14,22,387,,14,227,7,2,0.964
14,22,388,,32,194,7,21,0.889763779527559
14,22,389,,19,147,5,42,0.7793427230046949
14,22,390,,148,48,13,0,0.937799043062201
14,22,391,,149,59,21,12,0.8630705394190872
14,22,392,,63,170,21,14,0.8694029850746269
14,22,408,,28,56,4,23,0.7567567567567568
14,22,428,,50,148,23,55,0.717391304347826
14,22,429,,43,121,3,42,0.784688995215311
14,22,430,,17,145,36,34,0.6982758620689655
14,22,432,,0,102,0,71,0.5895953757225434
14,22,433,,3,164,1,53,0.755656108597285
14,22,434,,19,96,11,20,0.7876712328767124
14,22,435,,11,111,1,40,0.7484662576687117
14,22,436,,32,179,0,32,0.8683127572016461
14,24,379,,16,51,3,36,0.6320754716981132
14,24,380,,3,106,16,36,0.6770186335403726
14,24,381,,6,50,3,16,0.7466666666666667
14,24,382,,13,153,3,67,0.7033898305084746
14,24,384,,41,141,7,33,0.8198198198198198
14,24,385,,54,88,2,30,0.8160919540229885
14,24,386,,18,229,19,12,0.8884892086330936
14,24,387,,14,229,5,2,0.972
14,24,388,,32,195,6,21,0.8937007874015748
14,24,389,,12,148,4,49,0.7511737089201878
14,24,390,,148,48,13,0,0.937799043062201
14,24,391,,149,59,21,12,0.8630705394190872
14,24,392,,62,174,17,15,0.8805970149253731
14,24,408,,28,57,3,23,0.7657657657657657
14,24,428,,48,153,18,57,0.7282608695652174
14,24,429,,35,122,2,50,0.7511961722488039
14,24,430,,10,152,29,41,0.6982758620689655
14,24,432,,0,102,0,71,0.5895953757225434
14,24,433,,3,165,0,53,0.7601809954751131
14,24,434,,18,96,11,21,0.7808219178082192
14,24,435,,10,112,0,41,0.7484662576687117
14,24,436,,0,179,0,64,0.7366255144032922
14,26,379,,15,51,3,37,0.6226415094339622
14,26,380,,3,112,10,36,0.7142857142857143
14,26,381,,5,51,2,17,0.7466666666666667
14,26,382,,10,154,2,70,0.6949152542372882
14,26,384,,41,141,7,33,0.8198198198198198
14,26,385,,53,88,2,31,0.8103448275862069
14,26,386,,9,240,8,21,0.89568345323741
14,26,387,,14,229,5,2,0.972
14,26,388,,28,195,6,25,0.8779527559055118
14,26,389,,12,148,4,49,0.7511737089201878
14,26,390,,148,48,13,0,0.937799043062201
14,26,391,,149,59,21,12,0.8630705394190872
14,26,392,,62,174,17,15,0.8805970149253731
14,26,408,,27,57,3,24,0.7567567567567568
14,26,428,,46,160,11,59,0.7463768115942029
14,26,429,,27,123,1,58,0.7177033492822966
14,26,430,,8,154,27,43,0.6982758620689655
14,26,432,,0,102,0,71,0.5895953757225434
14,26,433,,0,165,0,56,0.746606334841629
14,26,434,,18,97,10,21,0.7876712328767124
14,26,435,,10,112,0,41,0.7484662576687117
14,26,436,,0,179,0,64,0.7366255144032922
14,28,379,,15,51,3,37,0.6226415094339622
14,28,380,,3,116,6,36,0.7391304347826086
14,28,381,,3,53,0,19,0.7466666666666667
14,28,382,,10,154,2,70,0.6949152542372882
14,28,384,,38,143,5,36,0.8153153153153153
14,28,385,,53,88,2,31,0.8103448275862069
14,28,386,,8,241,7,22,0.89568345323741
14,28,387,,14,233,1,2,0.988
14,28,388,,27,199,2,26,0.889763779527559
14,28,389,,12,148,4,49,0.7511737089201878
14,28,390,,146,48,13,2,0.9282296650717703
14,28,391,,147,59,21,14,0.8547717842323651
14,28,392,,58,174,17,19,0.8656716417910447
14,28,408,,27,57,3,24,0.7567567567567568
14,28,428,,32,161,10,73,0.6992753623188406
14,28,429,,22,123,1,63,0.69377990430622
14,28,430,,6,154,27,45,0.6896551724137931
14,28,432,,0,102,0,71,0.5895953757225434
14,28,433,,0,165,0,56,0.746606334841629
14,28,434,,16,102,5,23,0.8082191780821918
14,28,435,,10,112,0,41,0.7484662576687117
14,28,436,,0,179,0,64,0.7366255144032922
16,4,379,,52,4,50,0,0.5283018867924528
16,4,380,,39,25,97,0,0.39751552795031053
16,4,381,,20,35,18,2,0.7333333333333333
16,4,382,,69,94,62,11,0.690677966101695
16,4,384,,69,58,90,5,0.5720720720720721
16,4,385,,81,68,22,3,0.8563218390804598
16,4,386,,30,35,213,0,0.23381294964028776
16,4,387,,16,34,200,0,0.2
16,4,388,,53,51,150,0,0.4094488188976378
16,4,389,,45,36,116,16,0.38028169014084506
16,4,390,,148,28,33,0,0.8421052631578947
16,4,391,,161,18,62,0,0.7427385892116183
16,4,392,,77,0,191,0,0.2873134328358209
16,4,408,,45,18,42,6,0.5675675675675675
16,4,428,,105,30,141,0,0.4891304347826087
16,4,429,,75,67,57,10,0.6794258373205742
16,4,430,,51,39,142,0,0.3879310344827586
16,4,432,,61,59,43,10,0.6936416184971098
16,4,433,,50,116,49,6,0.751131221719457
16,4,434,,39,31,76,0,0.4794520547945205
16,4,435,,43,84,28,8,0.7791411042944786
16,4,436,,64,102,77,0,0.6831275720164609
16,6,379,,49,4,50,3,0.5
16,6,380,,39,27,95,0,0.40993788819875776
16,6,381,,19,36,17,3,0.7333333333333333
16,6,382,,40,136,20,40,0.7457627118644068
16,6,384,,58,92,56,16,0.6756756756756757
16,6,385,,80,74,16,4,0.8850574712643678
16,6,386,,30,47,201,0,0.27697841726618705
16,6,387,,16,53,181,0,0.276
16,6,388,,53,80,121,0,0.5236220472440944
16,6,389,,40,42,110,21,0.38497652582159625
16,6,390,,148,34,27,0,0.8708133971291866
16,6,391,,161,21,59,0,0.7551867219917012
16,6,392,,76,17,174,1,0.34701492537313433
16,6,408,,39,22,38,12,0.5495495495495496
16,6,428,,105,47,124,0,0.5507246376811594
16,6,429,,75,81,43,10,0.7464114832535885
16,6,430,,51,54,127,0,0.4525862068965517
16,6,432,,52,63,39,19,0.6647398843930635
16,6,433,,44,141,24,12,0.8371040723981901
16,6,434,,39,48,59,0,0.5958904109589042
16,6,435,,43,87,25,8,0.7975460122699386
16,6,436,,58,145,34,6,0.8353909465020576
16,8,379,,46,7,47,6,0.5
16,8,380,,38,42,80,1,0.4968944099378882
16,8,381,,19,37,16,3,0.7466666666666667
16,8,382,,32,145,11,48,0.75
16,8,384,,54,108,40,20,0.7297297297297297
16,8,385,,80,77,13,4,0.9022988505747126
16,8,386,,29,82,166,1,0.39928057553956836
16,8,387,,16,80,154,0,0.384
16,8,388,,53,100,101,0,0.6023622047244095
16,8,389,,39,58,94,22,0.45539906103286387
16,8,390,,148,34,27,0,0.8708133971291866
16,8,391,,158,25,55,3,0.7593360995850622
16,8,392,,74,55,136,3,0.48134328358208955
16,8,408,,39,24,36,12,0.5675675675675675
16,8,428,,105,62,109,0,0.605072463768116
16,8,429,,74,90,34,11,0.784688995215311
16,8,430,,48,62,119,3,0.47413793103448276
16,8,432,,46,69,33,25,0.6647398843930635
16,8,433,,34,149,16,22,0.8280542986425339
16,8,434,,39,63,44,0,0.6986301369863014
16,8,435,,41,89,23,10,0.7975460122699386
16,8,436,,58,154,25,6,0.8724279835390947
16,10,379,,45,19,35,7,0.6037735849056604
16,10,380,,33,43,79,6,0.4720496894409938
16,10,381,,19,40,13,3,0.7866666666666666
16,10,382,,28,148,8,52,0.7457627118644068
16,10,384,,47,130,18,27,0.7972972972972973
16,10,385,,79,82,8,5,0.9252873563218391
16,10,386,,27,120,128,3,0.5287769784172662
16,10,387,,14,131,103,2,0.58
16,10,388,,49,126,75,4,0.6889763779527559
16,10,389,,38,94,58,23,0.6197183098591549
16,10,390,,148,34,27,0,0.8708133971291866
16,10,391,,158,40,40,3,0.8215767634854771
16,10,392,,74,80,111,3,0.5746268656716418
16,10,408,,36,26,34,15,0.5585585585585585
16,10,428,,98,70,101,7,0.6086956521739131
16,10,429,,72,91,33,13,0.7799043062200957
16,10,430,,48,73,108,3,0.521551724137931
16,10,432,,35,90,12,36,0.7225433526011561
16,10,433,,31,154,11,25,0.8371040723981901
16,10,434,,39,69,38,0,0.7397260273972602
16,10,435,,41,98,14,10,0.852760736196319
16,10,436,,53,174,5,11,0.934156378600823
16,12,379,,39,30,24,13,0.6509433962264151
16,12,380,,22,64,58,17,0.5341614906832298
16,12,381,,19,42,11,3,0.8133333333333334
16,12,382,,27,148,8,53,0.7415254237288136
16,12,384,,46,137,11,28,0.8243243243243243
16,12,385,,79,82,8,5,0.9252873563218391
16,12,386,,27,145,103,3,0.6187050359712231
16,12,387,,14,178,56,2,0.768
16,12,388,,48,147,54,5,0.7677165354330708
16,12,389,,34,111,41,27,0.6807511737089202
16,12,390,,148,35,26,0,0.8755980861244019
16,12,391,,157,42,38,4,0.8257261410788381
16,12,392,,73,97,94,4,0.6343283582089553
16,12,408,,36,28,32,15,0.5765765765765766
16,12,428,,93,77,94,12,0.6159420289855072
16,12,429,,72,92,32,13,0.784688995215311
16,12,430,,47,83,98,4,0.5603448275862069
16,12,432,,26,93,9,45,0.6878612716763006
16,12,433,,25,155,10,31,0.8144796380090498
16,12,434,,39,78,29,0,0.8013698630136986
16,12,435,,29,103,9,22,0.8098159509202454
16,12,436,,49,174,5,15,0.9176954732510288
16,14,379,,32,37,17,20,0.6509433962264151
16,14,380,,15,77,45,24,0.5714285714285714
16,14,381,,19,42,11,3,0.8133333333333334
16,14,382,,26,149,7,54,0.7415254237288136
16,14,384,,45,138,10,29,0.8243243243243243
16,14,385,,79,83,7,5,0.9310344827586207
16,14,386,,25,159,89,5,0.6618705035971223
16,14,387,,14,199,35,2,0.852
16,14,388,,47,165,36,6,0.8346456692913385
16,14,389,,33,119,33,28,0.7136150234741784
16,14,390,,148,35,26,0,0.8755980861244019
16,14,391,,157,45,35,4,0.8381742738589212
16,14,392,,73,126,65,4,0.7425373134328358
16,14,408,,34,37,23,17,0.6396396396396397
16,14,428,,93,95,76,12,0.6811594202898551
16,14,429,,66,99,25,19,0.7894736842105263
16,14,430,,47,91,90,4,0.5948275862068966
16,14,432,,20,94,8,51,0.6589595375722543
16,14,433,,17,155,10,39,0.7782805429864253
16,14,434,,39,86,21,0,0.8561643835616438
16,14,435,,21,107,5,30,0.7852760736196319
16,14,436,,48,177,2,16,0.9259259259259259
16,16,379,,30,39,15,22,0.6509433962264151
16,16,380,,5,86,36,34,0.5652173913043478
16,16,381,,9,46,7,13,0.7333333333333333
16,16,382,,26,149,7,54,0.7415254237288136
16,16,384,,41,138,10,33,0.8063063063063063
16,16,385,,69,85,5,15,0.8850574712643678
16,16,386,,25,184,64,5,0.7517985611510791
16,16,387,,14,222,12,2,0.944
16,16,388,,45,183,18,8,0.8976377952755905
16,16,389,,27,142,10,34,0.7934272300469484
16,16,390,,148,40,21,0,0.8995215311004785
16,16,391,,156,53,27,5,0.8672199170124482
16,16,392,,68,149,42,9,0.8097014925373134
16,16,408,,34,52,8,17,0.7747747747747747
16,16,428,,83,128,43,22,0.7644927536231884
16,16,429,,63,113,11,22,0.8421052631578947
16,16,430,,47,96,85,4,0.6163793103448276
16,16,432,,20,98,4,51,0.6820809248554913
16,16,433,,12,155,10,44,0.755656108597285
16,16,434,,36,88,19,3,0.8493150684931506
16,16,435,,14,108,4,37,0.7484662576687117
16,16,436,,41,179,0,23,0.9053497942386831
16,18,379,,30,41,13,22,0.6698113207547169
16,18,380,,5,93,29,34,0.6086956521739131
16,18,381,,9,49,4,13,0.7733333333333333
16,18,382,,18,154,2,62,0.7288135593220338
16,18,384,,41,138,10,33,0.8063063063063063
16,18,385,,62,86,4,22,0.8505747126436781
16,18,386,,22,202,46,8,0.8057553956834532
16,18,387,,14,223,11,2,0.948
16,18,388,,40,189,12,13,0.9015748031496063
16,18,389,,18,143,9,43,0.755868544600939
16,18,390,,148,44,17,0,0.9186602870813397
16,18,391,,155,53,27,6,0.8630705394190872
16,18,392,,65,164,27,12,0.8544776119402985
16,18,408,,30,54,6,21,0.7567567567567568
16,18,428,,79,135,36,26,0.7753623188405797
16,18,429,,62,118,6,23,0.861244019138756
16,18,430,,35,117,64,16,0.6551724137931034
16,18,432,,11,102,0,60,0.653179190751445
16,18,433,,5,162,3,51,0.755656108597285
16,18,434,,33,90,17,6,0.8424657534246576
16,18,435,,14,108,4,37,0.7484662576687117
16,18,436,,36,179,0,28,0.8847736625514403
16,20,379,,16,48,6,36,0.6037735849056604
16,20,380,,3,99,23,36,0.6335403726708074
16,20,381,,9,49,4,13,0.7733333333333333
16,20,382,,18,154,2,62,0.7288135593220338
16,20,384,,41,139,9,33,0.8108108108108109
16,20,385,,57,87,3,27,0.8275862068965517
16,20,386,,22,212,36,8,0.841726618705036
16,20,387,,14,226,8,2,0.96
16,20,388,,38,195,6,15,0.9173228346456693
16,20,389,,16,145,7,45,0.755868544600939
16,20,390,,148,44,17,0,0.9186602870813397
16,20,391,,151,57,23,10,0.8630705394190872
16,20,392,,64,167,24,13,0.8619402985074627
16,20,408,,30,54,6,21,0.7567567567567568
16,20,428,,67,145,26,38,0.7681159420289855
16,20,429,,62,121,3,23,0.8755980861244019
16,20,430,,24,141,40,27,0.7112068965517241
16,20,432,,5,102,0,66,0.6184971098265896
16,20,433,,3,163,2,53,0.751131221719457
16,20,434,,31,97,10,8,0.8767123287671232
16,20,435,,11,108,4,40,0.7300613496932515
16,20,436,,36,179,0,28,0.8847736625514403
16,22,379,,16,50,4,36,0.6226415094339622
16,22,380,,3,105,17,36,0.6708074534161491
16,22,381,,6,49,4,16,0.7333333333333333
16,22,382,,13,154,2,67,0.7076271186440678
16,22,384,,41,141,7,33,0.8198198198198198
16,22,385,,56,88,2,28,0.8275862068965517
16,22,386,,19,219,29,11,0.8561151079136691
16,22,387,,14,227,7,2,0.964
16,22,388,,29,196,5,24,0.8858267716535433
16,22,389,,16,145,7,45,0.755868544600939
16,22,390,,148,45,16,0,0.9234449760765551
16,22,391,,151,57,23,10,0.8630705394190872
16,22,392,,61,173,18,16,0.8731343283582089
16,22,408,,29,55,5,22,0.7567567567567568
16,22,428,,54,148,23,51,0.7318840579710145
16,22,429,,38,121,3,47,0.7607655502392344
16,22,430,,20,146,35,31,0.7155172413793104
16,22,432,,1,102,0,70,0.5953757225433526
16,22,433,,3,164,1,53,0.755656108597285
16,22,434,,19,97,10,20,0.7945205479452054
16,22,435,,11,112,0,40,0.754601226993865
16,22,436,,33,179,0,31,0.8724279835390947
16,24,379,,15,51,3,37,0.6226415094339622
16,24,380,,3,106,16,36,0.6770186335403726
16,24,381,,6,50,3,16,0.7466666666666667
16,24,382,,13,154,2,67,0.7076271186440678
16,24,384,,40,142,6,34,0.8198198198198198
16,24,385,,52,88,2,32,0.8045977011494253
16,24,386,,18,231,17,12,0.89568345323741
16,24,387,,14,229,5,2,0.972
16,24,388,,29,197,4,24,0.889763779527559
16,24,389,,12,147,5,49,0.7464788732394366
16,24,390,,148,45,16,0,0.9234449760765551
16,24,391,,151,57,23,10,0.8630705394190872
16,24,392,,61,174,17,16,0.8768656716417911
16,24,408,,29,57,3,22,0.7747747747747747
16,24,428,,51,153,18,54,0.7391304347826086
16,24,429,,30,122,2,55,0.7272727272727273
16,24,430,,9,153,28,42,0.6982758620689655
16,24,432,,1,102,0,70,0.5953757225433526
16,24,433,,3,165,0,53,0.7601809954751131
16,24,434,,17,97,10,22,0.7808219178082192
16,24,435,,10,112,0,41,0.7484662576687117
16,24,436,,0,179,0,64,0.7366255144032922
16,26,379,,15,51,3,37,0.6226415094339622
16,26,380,,3,111,11,36,0.7080745341614907
16,26,381,,5,50,3,17,0.7333333333333333
16,26,382,,9,154,2,71,0.690677966101695
16,26,384,,40,142,6,34,0.8198198198198198
16,26,385,,52,88,2,32,0.8045977011494253
16,26,386,,9,240,8,21,0.89568345323741
16,26,387,,14,229,5,2,0.972
16,26,388,,28,197,4,25,0.8858267716535433
16,26,389,,12,147,5,49,0.7464788732394366
16,26,390,,148,45,16,0,0.9234449760765551
16,26,391,,151,57,23,10,0.8630705394190872
16,26,392,,60,174,17,17,0.8731343283582089
16,26,408,,28,57,3,23,0.7657657657657657
16,26,428,,47,160,11,58,0.75
16,26,429,,22,123,1,63,0.69377990430622
16,26,430,,7,156,25,44,0.7025862068965517
16,26,432,,0,102,0,71,0.5895953757225434
16,26,433,,0,165,0,56,0.746606334841629
16,26,434,,17,98,9,22,0.7876712328767124
16,26,435,,10,112,0,41,0.7484662576687117
16,26,436,,0,179,0,64,0.7366255144032922
16,28,379,,15,51,3,37,0.6226415094339622
16,28,380,,3,115,7,36,0.7329192546583851
16,28,381,,3,53,0,19,0.7466666666666667
16,28,382,,9,154,2,71,0.690677966101695
16,28,384,,37,144,4,37,0.8153153153153153
16,28,385,,52,89,1,32,0.8103448275862069
16,28,386,,8,242,6,22,0.8992805755395683
16,28,387,,14,234,0,2,0.992
16,28,388,,27,199,2,26,0.889763779527559
16,28,389,,12,147,5,49,0.7464788732394366
16,28,390,,146,45,16,2,0.9138755980861244
16,28,391,,147,58,22,14,0.8506224066390041
16,28,392,,55,174,17,22,0.8544776119402985
16,28,408,,28,57,3,23,0.7657657657657657
16,28,428,,31,162,9,74,0.6992753623188406
16,28,429,,20,123,1,65,0.6842105263157895
16,28,430,,3,157,24,48,0.6896551724137931
16,28,432,,0,102,0,71,0.5895953757225434
16,28,433,,0,165,0,56,0.746606334841629
16,28,434,,14,103,4,25,0.8013698630136986
16,28,435,,10,112,0,41,0.7484662576687117
16,28,436,,0,179,0,64,0.7366255144032922
18,4,379,,52,4,50,0,0.5283018867924528
18,4,380,,39,26,96,0,0.40372670807453415
18,4,381,,20,35,18,2,0.7333333333333333
18,4,382,,70,91,65,10,0.6822033898305084
18,4,384,,70,62,86,4,0.5945945945945946
18,4,385,,81,69,21,3,0.8620689655172413
18,4,386,,30,31,217,0,0.21942446043165467
18,4,387,,16,32,202,0,0.192
18,4,388,,53,49,152,0,0.4015748031496063
18,4,389,,46,36,116,15,0.38497652582159625
18,4,390,,148,26,35,0,0.8325358851674641
18,4,391,,161,19,61,0,0.7468879668049793
18,4,392,,77,0,191,0,0.2873134328358209
18,4,408,,48,21,39,3,0.6216216216216216
18,4,428,,105,31,140,0,0.4927536231884058
18,4,429,,76,69,55,9,0.69377990430622
18,4,430,,51,38,143,0,0.38362068965517243
18,4,432,,64,61,41,7,0.7225433526011561
18,4,433,,48,115,50,8,0.7375565610859729
18,4,434,,39,31,76,0,0.4794520547945205
18,4,435,,43,82,30,8,0.7668711656441718
18,4,436,,64,104,75,0,0.691358024691358
18,6,379,,50,4,50,2,0.5094339622641509
18,6,380,,39,28,94,0,0.4161490683229814
18,6,381,,19,36,17,3,0.7333333333333333
18,6,382,,40,137,19,40,0.75
18,6,384,,59,92,56,15,0.6801801801801802
18,6,385,,80,77,13,4,0.9022988505747126
18,6,386,,30,43,205,0,0.26258992805755393
18,6,387,,16,52,182,0,0.272
18,6,388,,53,79,122,0,0.5196850393700787
18,6,389,,42,42,110,19,0.39436619718309857
18,6,390,,148,32,29,0,0.861244019138756
18,6,391,,161,20,60,0,0.7510373443983402
18,6,392,,76,18,173,1,0.35074626865671643
18,6,408,,40,28,32,11,0.6126126126126126
18,6,428,,105,48,123,0,0.5543478260869565
18,6,429,,74,80,44,11,0.7368421052631579
18,6,430,,51,53,128,0,0.4482758620689655
18,6,432,,49,64,38,22,0.653179190751445
18,6,433,,44,141,24,12,0.8371040723981901
18,6,434,,39,46,61,0,0.5821917808219178
18,6,435,,43,85,27,8,0.7852760736196319
18,6,436,,58,150,29,6,0.8559670781893004
18,8,379,,48,11,43,4,0.5566037735849056
18,8,380,,38,45,77,1,0.515527950310559
18,8,381,,19,37,16,3,0.7466666666666667
18,8,382,,35,145,11,45,0.7627118644067796
18,8,384,,56,112,36,18,0.7567567567567568
18,8,385,,79,78,12,5,0.9022988505747126
18,8,386,,30,82,166,0,0.4028776978417266
18,8,387,,16,75,159,0,0.364
18,8,388,,53,102,99,0,0.610236220472441
18,8,389,,40,54,98,21,0.4413145539906103
18,8,390,,148,33,28,0,0.8660287081339713
18,8,391,,161,28,52,0,0.7842323651452282
18,8,392,,75,51,140,2,0.4701492537313433
18,8,408,,40,28,32,11,0.6126126126126126
18,8,428,,105,62,109,0,0.605072463768116
18,8,429,,74,90,34,11,0.784688995215311
18,8,430,,48,62,119,3,0.47413793103448276
18,8,432,,47,73,29,24,0.6936416184971098
18,8,433,,35,146,19,21,0.8190045248868778
18,8,434,,39,63,44,0,0.6986301369863014
18,8,435,,41,90,22,10,0.803680981595092
18,8,436,,58,158,21,6,0.8888888888888888
18,10,379,,47,23,31,5,0.660377358490566
18,10,380,,33,50,72,6,0.515527950310559
18,10,381,,19,40,13,3,0.7866666666666666
18,10,382,,30,147,9,50,0.75
18,10,384,,49,133,15,25,0.8198198198198198
18,10,385,,78,83,7,6,0.9252873563218391
18,10,386,,30,117,131,0,0.5287769784172662
18,10,387,,15,133,101,1,0.592
18,10,388,,49,128,73,4,0.6968503937007874
18,10,389,,37,92,60,24,0.6056338028169014
18,10,390,,148,33,28,0,0.8660287081339713
18,10,391,,158,40,40,3,0.8215767634854771
18,10,392,,75,70,121,2,0.5410447761194029
18,10,408,,37,30,30,14,0.6036036036036037
18,10,428,,97,70,101,8,0.605072463768116
18,10,429,,73,90,34,12,0.7799043062200957
18,10,430,,48,74,107,3,0.5258620689655172
18,10,432,,35,90,12,36,0.7225433526011561
18,10,433,,28,155,10,28,0.8280542986425339
18,10,434,,39,71,36,0,0.7534246575342466
18,10,435,,41,98,14,10,0.852760736196319
18,10,436,,51,174,5,13,0.9259259259259259
18,12,379,,38,28,26,14,0.6226415094339622
18,12,380,,21,73,49,18,0.5838509316770186
18,12,381,,19,43,10,3,0.8266666666666667
18,12,382,,28,147,9,52,0.7415254237288136
18,12,384,,46,137,11,28,0.8243243243243243
18,12,385,,78,83,7,6,0.9252873563218391
18,12,386,,30,145,103,0,0.6294964028776978
18,12,387,,14,181,53,2,0.78
18,12,388,,48,145,56,5,0.7598425196850394
18,12,389,,33,112,40,28,0.6807511737089202
18,12,390,,148,36,25,0,0.8803827751196173
18,12,391,,157,40,40,4,0.8174273858921162
18,12,392,,74,90,101,3,0.6119402985074627
18,12,408,,37,32,28,14,0.6216216216216216
18,12,428,,89,76,95,16,0.5978260869565217
18,12,429,,73,92,32,12,0.7894736842105263
18,12,430,,48,83,98,3,0.5646551724137931
18,12,432,,29,93,9,42,0.7052023121387283
18,12,433,,24,156,9,32,0.8144796380090498
18,12,434,,39,78,29,0,0.8013698630136986
18,12,435,,29,102,10,22,0.803680981595092
18,12,436,,48,174,5,16,0.9135802469135802
18,14,379,,31,33,21,21,0.6037735849056604
18,14,380,,13,83,39,26,0.5962732919254659
18,14,381,,19,43,10,3,0.8266666666666667
18,14,382,,26,148,8,54,0.7372881355932204
18,14,384,,44,138,10,30,0.8198198198198198
18,14,385,,78,84,6,6,0.9310344827586207
18,14,386,,27,163,85,3,0.6834532374100719
18,14,387,,14,205,29,2,0.876
18,14,388,,47,165,36,6,0.8346456692913385
18,14,389,,32,120,32,29,0.7136150234741784
18,14,390,,148,36,25,0,0.8803827751196173
18,14,391,,157,44,36,4,0.8340248962655602
18,14,392,,72,118,73,5,0.7089552238805971
18,14,408,,34,40,20,17,0.6666666666666666
18,14,428,,89,94,77,16,0.6630434782608695
18,14,429,,70,98,26,15,0.8038277511961722
18,14,430,,48,93,88,3,0.6077586206896551
18,14,432,,23,94,8,48,0.6763005780346821
18,14,433,,20,156,9,36,0.7963800904977375
18,14,434,,39,87,20,0,0.863013698630137
18,14,435,,22,109,3,29,0.803680981595092
18,14,436,,48,176,3,16,0.9218106995884774
18,16,379,,28,37,17,24,0.6132075471698113
18,16,380,,4,90,32,35,0.5838509316770186
18,16,381,,9,45,8,13,0.72
18,16,382,,26,148,8,54,0.7372881355932204
18,16,384,,39,138,10,35,0.7972972972972973
18,16,385,,68,85,5,16,0.8793103448275862
18,16,386,,27,185,63,3,0.762589928057554
18,16,387,,14,224,10,2,0.952
18,16,388,,43,180,21,10,0.8779527559055118
18,16,389,,27,142,10,34,0.7934272300469484
18,16,390,,147,40,21,1,0.8947368421052632
18,16,391,,156,51,29,5,0.8589211618257261
18,16,392,,69,156,35,8,0.8395522388059702
18,16,408,,34,53,7,17,0.7837837837837838
18,16,428,,79,125,46,26,0.7391304347826086
18,16,429,,64,113,11,21,0.84688995215311
18,16,430,,48,99,82,3,0.6336206896551724
18,16,432,,20,97,5,51,0.6763005780346821
18,16,433,,12,157,8,44,0.7647058823529411
18,16,434,,37,88,19,2,0.8561643835616438
18,16,435,,16,110,2,35,0.7730061349693251
18,16,436,,42,179,0,22,0.9094650205761317
18,18,379,,28,39,15,24,0.6320754716981132
18,18,380,,4,98,24,35,0.6335403726708074
18,18,381,,9,48,5,13,0.76
18,18,382,,17,153,3,63,0.7203389830508474
18,18,384,,39,138,10,35,0.7972972972972973
18,18,385,,63,85,5,21,0.8505747126436781
18,18,386,,22,202,46,8,0.8057553956834532
18,18,387,,14,224,10,2,0.952
18,18,388,,37,187,14,16,0.8818897637795275
18,18,389,,16,143,9,45,0.7464788732394366
18,18,390,,147,43,18,1,0.9090909090909091
18,18,391,,156,51,29,5,0.8589211618257261
18,18,392,,67,166,25,10,0.8694029850746269
18,18,408,,32,55,5,19,0.7837837837837838
18,18,428,,76,134,37,29,0.7608695652173914
18,18,429,,60,116,8,25,0.8421052631578947
18,18,430,,36,122,59,15,0.6810344827586207
18,18,432,,9,102,0,62,0.6416184971098265
18,18,433,,3,164,1,53,0.755656108597285
18,18,434,,33,90,17,6,0.8424657534246576
18,18,435,,16,110,2,35,0.7730061349693251
18,18,436,,36,179,0,28,0.8847736625514403
18,20,379,,16,48,6,36,0.6037735849056604
18,20,380,,3,102,20,36,0.6521739130434783
18,20,381,,9,48,5,13,0.76
18,20,382,,16,154,2,64,0.7203389830508474
18,20,384,,38,139,9,36,0.7972972972972973
18,20,385,,57,86,4,27,0.8218390804597702
18,20,386,,22,220,28,8,0.8705035971223022
18,20,387,,14,227,7,2,0.964
18,20,388,,35,194,7,18,0.9015748031496063
18,20,389,,13,146,6,48,0.7464788732394366
18,20,390,,147,43,18,1,0.9090909090909091
18,20,391,,153,55,25,8,0.8630705394190872
18,20,392,,67,170,21,10,0.8843283582089553
18,20,408,,32,55,5,19,0.7837837837837838
18,20,428,,68,146,25,37,0.7753623188405797
18,20,429,,60,120,4,25,0.861244019138756
18,20,430,,25,142,39,26,0.7198275862068966
18,20,432,,6,102,0,65,0.6242774566473989
18,20,433,,2,164,1,54,0.751131221719457
18,20,434,,32,96,11,7,0.8767123287671232
18,20,435,,13,110,2,38,0.754601226993865
18,20,436,,36,179,0,28,0.8847736625514403
18,22,379,,16,52,2,36,0.6415094339622641
18,22,380,,3,107,15,36,0.6832298136645962
18,22,381,,5,48,5,17,0.7066666666666667
18,22,382,,10,154,2,70,0.6949152542372882
18,22,384,,38,141,7,36,0.8063063063063063
18,22,385,,56,87,3,28,0.8218390804597702
18,22,386,,16,227,21,14,0.8741007194244604
18,22,387,,14,229,5,2,0.972
18,22,388,,30,194,7,23,0.8818897637795275
18,22,389,,13,146,6,48,0.7464788732394366
18,22,390,,147,45,16,1,0.9186602870813397
18,22,391,,153,55,25,8,0.8630705394190872
18,22,392,,65,171,20,12,0.8805970149253731
18,22,408,,30,56,4,21,0.7747747747747747
18,22,428,,58,151,20,47,0.7572463768115942
18,22,429,,38,120,4,47,0.7559808612440191
18,22,430,,22,148,33,29,0.7327586206896551
18,22,432,,0,102,0,71,0.5895953757225434
18,22,433,,2,164,1,54,0.751131221719457
18,22,434,,18,96,11,21,0.7808219178082192
18,22,435,,13,112,0,38,0.7668711656441718
18,22,436,,33,179,0,31,0.8724279835390947
18,24,379,,14,52,2,38,0.6226415094339622
18,24,380,,3,107,15,36,0.6832298136645962
18,24,381,,5,48,5,17,0.7066666666666667
18,24,382,,10,154,2,70,0.6949152542372882
18,24,384,,37,142,6,37,0.8063063063063063
18,24,385,,52,87,3,32,0.7988505747126436
18,24,386,,15,232,16,15,0.8884892086330936
18,24,387,,14,231,3,2,0.98
18,24,388,,30,197,4,23,0.8937007874015748
18,24,389,,13,148,4,48,0.755868544600939
18,24,390,,147,45,16,1,0.9186602870813397
18,24,391,,153,55,25,8,0.8630705394190872
18,24,392,,62,172,19,15,0.8731343283582089
18,24,408,,30,57,3,21,0.7837837837837838
18,24,428,,54,155,16,51,0.7572463768115942
18,24,429,,31,121,3,54,0.7272727272727273
18,24,430,,6,156,25,45,0.6982758620689655
18,24,432,,0,102,0,71,0.5895953757225434
18,24,433,,2,165,0,54,0.755656108597285
18,24,434,,16,96,11,23,0.7671232876712328
18,24,435,,12,112,0,39,0.7607361963190185
18,24,436,,0,179,0,64,0.7366255144032922
18,26,379,,14,52,2,38,0.6226415094339622
18,26,380,,3,111,11,36,0.7080745341614907
18,26,381,,4,49,4,18,0.7066666666666667
18,26,382,,7,154,2,73,0.6822033898305084
18,26,384,,37,142,6,37,0.8063063063063063
18,26,385,,52,87,3,32,0.7988505747126436
18,26,386,,8,240,8,22,0.8920863309352518
18,26,387,,14,231,3,2,0.98
18,26,388,,28,197,4,25,0.8858267716535433
18,26,389,,13,148,4,48,0.755868544600939
18,26,390,,147,45,16,1,0.9186602870813397
18,26,391,,153,55,25,8,0.8630705394190872
18,26,392,,60,173,18,17,0.8694029850746269
18,26,408,,29,57,3,22,0.7747747747747747
18,26,428,,46,162,9,59,0.7536231884057971
18,26,429,,18,123,1,67,0.6746411483253588
18,26,430,,4,156,25,47,0.6896551724137931
18,26,432,,0,102,0,71,0.5895953757225434
18,26,433,,0,165,0,56,0.746606334841629
18,26,434,,16,97,10,23,0.773972602739726
18,26,435,,12,112,0,39,0.7607361963190185
18,26,436,,0,179,0,64,0.7366255144032922
18,28,379,,14,52,2,38,0.6226415094339622
18,28,380,,3,115,7,36,0.7329192546583851
18,28,381,,2,52,1,20,0.72
18,28,382,,7,154,2,73,0.6822033898305084
18,28,384,,34,144,4,40,0.8018018018018018
18,28,385,,52,88,2,32,0.8045977011494253
18,28,386,,8,243,5,22,0.9028776978417267
18,28,387,,14,234,0,2,0.992
18,28,388,,27,199,2,26,0.889763779527559
18,28,389,,13,148,4,48,0.755868544600939
18,28,390,,147,45,16,1,0.9186602870813397
18,28,391,,151,56,24,10,0.8589211618257261
18,28,392,,56,173,18,21,0.8544776119402985
18,28,408,,28,57,3,23,0.7657657657657657
18,28,428,,30,165,6,75,0.7065217391304348
18,28,429,,11,123,1,74,0.6411483253588517
18,28,430,,3,156,25,48,0.6853448275862069
18,28,432,,0,102,0,71,0.5895953757225434
18,28,433,,0,165,0,56,0.746606334841629
18,28,434,,15,104,3,24,0.815068493150685
18,28,435,,12,112,0,39,0.7607361963190185
18,28,436,,0,179,0,64,0.7366255144032922
