,logistic_regression_predictions,StartTime,EndTime
29718,1,2025-03-15 23:09:19,2025-03-15 23:09:29
29719,1,2025-03-15 23:09:29,2025-03-15 23:09:39
29720,1,2025-03-15 23:09:39,2025-03-15 23:09:49
29721,1,2025-03-15 23:09:49,2025-03-15 23:09:59
29722,1,2025-03-15 23:09:59,2025-03-15 23:10:09
29723,1,2025-03-15 23:10:09,2025-03-15 23:10:19
29724,1,2025-03-15 23:10:19,2025-03-15 23:10:29
29725,1,2025-03-15 23:10:30,2025-03-15 23:10:40
29726,1,2025-03-15 23:10:40,2025-03-15 23:10:50
29727,1,2025-03-15 23:10:50,2025-03-15 23:11:00
29728,1,2025-03-15 23:11:00,2025-03-15 23:11:10
29729,1,2025-03-15 23:11:10,2025-03-15 23:11:20
29730,1,2025-03-15 23:11:20,2025-03-15 23:11:30
29731,1,2025-03-15 23:11:31,2025-03-15 23:11:41
29732,1,2025-03-15 23:11:41,2025-03-15 23:11:51
29733,1,2025-03-15 23:11:51,2025-03-15 23:12:01
29734,1,2025-03-15 23:12:01,2025-03-15 23:12:11
29735,1,2025-03-15 23:12:11,2025-03-15 23:12:21
29736,1,2025-03-15 23:12:21,2025-03-15 23:12:31
29737,1,2025-03-15 23:12:32,2025-03-15 23:12:42
29738,1,2025-03-15 23:12:42,2025-03-15 23:12:52
29739,1,2025-03-15 23:12:52,2025-03-15 23:13:02
29740,1,2025-03-15 23:13:02,2025-03-15 23:13:12
29741,1,2025-03-15 23:13:12,2025-03-15 23:13:22
29742,1,2025-03-15 23:13:22,2025-03-15 23:13:32
29743,1,2025-03-15 23:13:32,2025-03-15 23:13:42
29744,1,2025-03-15 23:13:42,2025-03-15 23:13:52
29745,1,2025-03-15 23:13:52,2025-03-15 23:14:02
29746,1,2025-03-15 23:14:02,2025-03-15 23:14:12
29747,1,2025-03-15 23:14:12,2025-03-15 23:14:22
29748,1,2025-03-15 23:14:22,2025-03-15 23:14:32
29749,1,2025-03-15 23:14:33,2025-03-15 23:14:43
29750,1,2025-03-15 23:14:43,2025-03-15 23:14:53
29751,1,2025-03-15 23:14:53,2025-03-15 23:15:03
29752,1,2025-03-15 23:15:03,2025-03-15 23:15:13
29753,1,2025-03-15 23:15:13,2025-03-15 23:15:23
29754,1,2025-03-15 23:15:23,2025-03-15 23:15:33
29755,1,2025-03-15 23:15:34,2025-03-15 23:15:44
29756,1,2025-03-15 23:15:44,2025-03-15 23:15:54
29757,1,2025-03-15 23:15:54,2025-03-15 23:16:04
29758,0,2025-03-15 23:16:04,2025-03-15 23:16:14
29759,0,2025-03-15 23:16:14,2025-03-15 23:16:24
29760,1,2025-03-15 23:16:24,2025-03-15 23:16:34
29761,1,2025-03-15 23:16:34,2025-03-15 23:16:44
29762,1,2025-03-15 23:16:44,2025-03-15 23:16:54
29763,1,2025-03-15 23:16:54,2025-03-15 23:17:04
29764,1,2025-03-15 23:17:04,2025-03-15 23:17:14
29765,1,2025-03-15 23:17:14,2025-03-15 23:17:24
29766,1,2025-03-15 23:17:24,2025-03-15 23:17:34
29767,1,2025-03-15 23:20:45,2025-03-15 23:20:55
29768,1,2025-03-15 23:20:55,2025-03-15 23:21:05
29769,1,2025-03-15 23:21:05,2025-03-15 23:21:15
29770,1,2025-03-15 23:21:15,2025-03-15 23:21:25
29771,1,2025-03-15 23:21:25,2025-03-15 23:21:35
29772,1,2025-03-15 23:21:35,2025-03-15 23:21:45
29773,1,2025-03-15 23:21:46,2025-03-15 23:21:56
29774,1,2025-03-15 23:21:56,2025-03-15 23:22:06
29775,1,2025-03-15 23:22:06,2025-03-15 23:22:16
29776,1,2025-03-15 23:22:16,2025-03-15 23:22:26
29777,1,2025-03-15 23:22:26,2025-03-15 23:22:36
29778,1,2025-03-15 23:22:36,2025-03-15 23:22:46
29779,1,2025-03-15 23:22:47,2025-03-15 23:22:57
29780,1,2025-03-15 23:22:57,2025-03-15 23:23:07
29781,1,2025-03-15 23:23:07,2025-03-15 23:23:17
29782,1,2025-03-15 23:23:17,2025-03-15 23:23:27
29783,1,2025-03-15 23:23:27,2025-03-15 23:23:37
29784,1,2025-03-15 23:23:37,2025-03-15 23:23:47
29785,1,2025-03-15 23:23:48,2025-03-15 23:23:58
29786,1,2025-03-15 23:23:58,2025-03-15 23:24:08
29787,1,2025-03-15 23:24:08,2025-03-15 23:24:18
29788,1,2025-03-15 23:24:18,2025-03-15 23:24:28
29789,1,2025-03-15 23:24:28,2025-03-15 23:24:38
29790,1,2025-03-15 23:24:38,2025-03-15 23:24:48
29791,1,2025-03-15 23:24:49,2025-03-15 23:24:59
29792,1,2025-03-15 23:24:59,2025-03-15 23:25:09
29793,1,2025-03-15 23:25:09,2025-03-15 23:25:19
29794,1,2025-03-15 23:25:19,2025-03-15 23:25:29
29795,1,2025-03-15 23:25:29,2025-03-15 23:25:39
29796,1,2025-03-15 23:25:39,2025-03-15 23:25:49
29797,1,2025-03-15 23:25:49,2025-03-15 23:25:59
29798,1,2025-03-15 23:25:59,2025-03-15 23:26:09
29799,1,2025-03-15 23:26:09,2025-03-15 23:26:19
29800,1,2025-03-15 23:26:19,2025-03-15 23:26:29
29801,1,2025-03-15 23:26:29,2025-03-15 23:26:39
29802,1,2025-03-15 23:26:39,2025-03-15 23:26:49
29803,1,2025-03-15 23:26:50,2025-03-15 23:27:00
29804,1,2025-03-15 23:27:00,2025-03-15 23:27:10
29805,1,2025-03-15 23:27:10,2025-03-15 23:27:20
29806,1,2025-03-15 23:27:20,2025-03-15 23:27:30
29807,1,2025-03-15 23:27:30,2025-03-15 23:27:40
29808,1,2025-03-15 23:27:40,2025-03-15 23:27:50
29809,1,2025-03-15 23:27:51,2025-03-15 23:28:01
29810,1,2025-03-15 23:28:01,2025-03-15 23:28:11
29811,1,2025-03-15 23:28:11,2025-03-15 23:28:21
29812,1,2025-03-15 23:28:21,2025-03-15 23:28:31
29813,1,2025-03-15 23:28:31,2025-03-15 23:28:41
29814,1,2025-03-15 23:28:41,2025-03-15 23:28:51
29815,1,2025-03-15 23:28:51,2025-03-15 23:29:01
29816,1,2025-03-15 23:29:01,2025-03-15 23:29:11
29817,1,2025-03-15 23:29:11,2025-03-15 23:29:21
29818,1,2025-03-15 23:29:21,2025-03-15 23:29:31
29819,1,2025-03-15 23:29:31,2025-03-15 23:29:41
29820,1,2025-03-15 23:29:41,2025-03-15 23:29:51
29821,1,2025-03-15 23:29:52,2025-03-15 23:30:02
29822,1,2025-03-15 23:30:02,2025-03-15 23:30:12
29823,1,2025-03-15 23:30:12,2025-03-15 23:30:22
29824,1,2025-03-15 23:30:22,2025-03-15 23:30:32
29825,1,2025-03-15 23:30:32,2025-03-15 23:30:42
29826,1,2025-03-15 23:30:42,2025-03-15 23:30:52
29827,1,2025-03-15 23:31:06,2025-03-15 23:31:16
29828,1,2025-03-15 23:31:16,2025-03-15 23:31:26
29829,1,2025-03-15 23:31:26,2025-03-15 23:31:36
29830,1,2025-03-15 23:31:36,2025-03-15 23:31:46
29831,1,2025-03-15 23:31:46,2025-03-15 23:31:56
29832,1,2025-03-15 23:31:56,2025-03-15 23:32:06
29833,1,2025-03-15 23:32:06,2025-03-15 23:32:16
29834,1,2025-03-15 23:32:16,2025-03-15 23:32:26
29835,1,2025-03-15 23:32:26,2025-03-15 23:32:36
29836,1,2025-03-15 23:32:36,2025-03-15 23:32:46
29837,1,2025-03-15 23:32:46,2025-03-15 23:32:56
29838,1,2025-03-15 23:32:56,2025-03-15 23:33:06
29839,1,2025-03-15 23:33:07,2025-03-15 23:33:17
29840,1,2025-03-15 23:33:17,2025-03-15 23:33:27
29841,1,2025-03-15 23:33:27,2025-03-15 23:33:37
29842,1,2025-03-15 23:33:37,2025-03-15 23:33:47
29843,1,2025-03-15 23:33:47,2025-03-15 23:33:57
29844,1,2025-03-15 23:33:57,2025-03-15 23:34:07
29845,1,2025-03-15 23:34:08,2025-03-15 23:34:18
29846,1,2025-03-15 23:34:18,2025-03-15 23:34:28
29847,1,2025-03-15 23:34:28,2025-03-15 23:34:38
29848,1,2025-03-15 23:34:38,2025-03-15 23:34:48
29849,1,2025-03-15 23:34:48,2025-03-15 23:34:58
29850,1,2025-03-15 23:34:58,2025-03-15 23:35:08
29851,1,2025-03-15 23:35:09,2025-03-15 23:35:19
29852,1,2025-03-15 23:35:19,2025-03-15 23:35:29
29853,1,2025-03-15 23:35:29,2025-03-15 23:35:39
29854,1,2025-03-15 23:35:39,2025-03-15 23:35:49
29855,1,2025-03-15 23:35:49,2025-03-15 23:35:59
29856,1,2025-03-15 23:35:59,2025-03-15 23:36:09
29857,1,2025-03-15 23:36:09,2025-03-15 23:36:19
29858,0,2025-03-15 23:36:19,2025-03-15 23:36:29
29859,0,2025-03-15 23:36:29,2025-03-15 23:36:39
29860,0,2025-03-15 23:36:39,2025-03-15 23:36:49
29861,0,2025-03-15 23:36:49,2025-03-15 23:36:59
29862,0,2025-03-15 23:36:59,2025-03-15 23:37:09
29863,0,2025-03-15 23:37:10,2025-03-15 23:37:20
29864,0,2025-03-15 23:37:20,2025-03-15 23:37:30
29865,0,2025-03-15 23:37:30,2025-03-15 23:37:40
29866,0,2025-03-15 23:37:40,2025-03-15 23:37:50
29867,0,2025-03-15 23:37:50,2025-03-15 23:38:00
29868,0,2025-03-15 23:38:00,2025-03-15 23:38:10
29869,0,2025-03-15 23:38:11,2025-03-15 23:38:21
29870,0,2025-03-15 23:38:21,2025-03-15 23:38:31
29871,0,2025-03-15 23:38:31,2025-03-15 23:38:41
29872,0,2025-03-15 23:38:41,2025-03-15 23:38:51
29873,0,2025-03-15 23:38:51,2025-03-15 23:39:01
29874,0,2025-03-15 23:39:01,2025-03-15 23:39:11
29875,0,2025-03-15 23:39:11,2025-03-15 23:39:21
29876,0,2025-03-15 23:39:21,2025-03-15 23:39:31
29877,0,2025-03-15 23:39:31,2025-03-15 23:39:41
29878,0,2025-03-15 23:39:41,2025-03-15 23:39:51
29879,0,2025-03-15 23:39:51,2025-03-15 23:40:01
29880,0,2025-03-15 23:40:01,2025-03-15 23:40:11
29881,0,2025-03-15 23:40:13,2025-03-15 23:40:23
29882,0,2025-03-15 23:40:23,2025-03-15 23:40:33
29883,0,2025-03-15 23:40:33,2025-03-15 23:40:43
29884,0,2025-03-15 23:40:43,2025-03-15 23:40:53
29885,0,2025-03-15 23:40:53,2025-03-15 23:41:03
29886,0,2025-03-15 23:41:03,2025-03-15 23:41:13
29887,0,2025-03-15 23:41:44,2025-03-15 23:41:54
29888,0,2025-03-15 23:41:54,2025-03-15 23:42:04
29889,0,2025-03-15 23:42:04,2025-03-15 23:42:14
29890,0,2025-03-15 23:42:14,2025-03-15 23:42:24
29891,0,2025-03-15 23:42:24,2025-03-15 23:42:34
29892,0,2025-03-15 23:42:34,2025-03-15 23:42:44
29893,0,2025-03-15 23:42:45,2025-03-15 23:42:55
29894,0,2025-03-15 23:42:55,2025-03-15 23:43:05
29895,0,2025-03-15 23:43:05,2025-03-15 23:43:15
29896,0,2025-03-15 23:43:15,2025-03-15 23:43:25
29897,0,2025-03-15 23:43:25,2025-03-15 23:43:35
29898,0,2025-03-15 23:43:35,2025-03-15 23:43:45
29899,0,2025-03-15 23:43:46,2025-03-15 23:43:56
29900,0,2025-03-15 23:43:56,2025-03-15 23:44:06
29901,0,2025-03-15 23:44:06,2025-03-15 23:44:16
29902,0,2025-03-15 23:44:16,2025-03-15 23:44:26
29903,0,2025-03-15 23:44:26,2025-03-15 23:44:36
29904,0,2025-03-15 23:44:36,2025-03-15 23:44:46
29905,0,2025-03-15 23:44:47,2025-03-15 23:44:57
29906,0,2025-03-15 23:44:57,2025-03-15 23:45:07
29907,0,2025-03-15 23:45:07,2025-03-15 23:45:17
29908,0,2025-03-15 23:45:17,2025-03-15 23:45:27
29909,0,2025-03-15 23:45:27,2025-03-15 23:45:37
29910,0,2025-03-15 23:45:37,2025-03-15 23:45:47
29911,0,2025-03-15 23:45:47,2025-03-15 23:45:57
29912,0,2025-03-15 23:45:57,2025-03-15 23:46:07
29913,0,2025-03-15 23:46:07,2025-03-15 23:46:17
29914,0,2025-03-15 23:46:17,2025-03-15 23:46:27
29915,0,2025-03-15 23:46:27,2025-03-15 23:46:37
29916,0,2025-03-15 23:46:37,2025-03-15 23:46:47
29917,0,2025-03-15 23:46:48,2025-03-15 23:46:58
29918,0,2025-03-15 23:46:58,2025-03-15 23:47:08
29919,0,2025-03-15 23:47:08,2025-03-15 23:47:18
29920,0,2025-03-15 23:47:18,2025-03-15 23:47:28
29921,0,2025-03-15 23:47:28,2025-03-15 23:47:38
29922,0,2025-03-15 23:47:38,2025-03-15 23:47:48
29923,0,2025-03-15 23:47:49,2025-03-15 23:47:59
29924,0,2025-03-15 23:47:59,2025-03-15 23:48:09
29925,0,2025-03-15 23:48:09,2025-03-15 23:48:19
29926,0,2025-03-15 23:48:19,2025-03-15 23:48:29
29927,0,2025-03-15 23:48:29,2025-03-15 23:48:39
29928,0,2025-03-15 23:48:39,2025-03-15 23:48:49
29929,0,2025-03-15 23:48:50,2025-03-15 23:49:00
29930,0,2025-03-15 23:49:00,2025-03-15 23:49:10
29931,0,2025-03-15 23:49:10,2025-03-15 23:49:20
29932,0,2025-03-15 23:49:20,2025-03-15 23:49:30
29933,0,2025-03-15 23:49:30,2025-03-15 23:49:40
29934,0,2025-03-15 23:49:40,2025-03-15 23:49:50
29935,0,2025-03-15 23:49:50,2025-03-15 23:50:00
29936,0,2025-03-15 23:50:00,2025-03-15 23:50:10
29937,0,2025-03-15 23:50:10,2025-03-15 23:50:20
29938,0,2025-03-15 23:50:20,2025-03-15 23:50:30
29939,0,2025-03-15 23:50:30,2025-03-15 23:50:40
29940,0,2025-03-15 23:50:40,2025-03-15 23:50:50
29941,0,2025-03-15 23:50:51,2025-03-15 23:51:01
29942,0,2025-03-15 23:51:01,2025-03-15 23:51:11
29943,0,2025-03-15 23:51:11,2025-03-15 23:51:21
29944,0,2025-03-15 23:51:21,2025-03-15 23:51:31
29945,0,2025-03-15 23:51:31,2025-03-15 23:51:41
29946,0,2025-03-15 23:51:41,2025-03-15 23:51:51
29947,0,2025-03-15 23:52:20,2025-03-15 23:52:30
29948,0,2025-03-15 23:52:30,2025-03-15 23:52:40
29949,0,2025-03-15 23:52:40,2025-03-15 23:52:50
29950,0,2025-03-15 23:52:50,2025-03-15 23:53:00
29951,0,2025-03-15 23:53:00,2025-03-15 23:53:10
29952,0,2025-03-15 23:53:10,2025-03-15 23:53:20
29953,0,2025-03-15 23:53:20,2025-03-15 23:53:30
29954,0,2025-03-15 23:53:30,2025-03-15 23:53:40
29955,0,2025-03-15 23:53:40,2025-03-15 23:53:50
29956,0,2025-03-15 23:53:50,2025-03-15 23:54:00
29957,0,2025-03-15 23:54:00,2025-03-15 23:54:10
29958,0,2025-03-15 23:54:10,2025-03-15 23:54:20
29959,0,2025-03-15 23:54:21,2025-03-15 23:54:31
29960,0,2025-03-15 23:54:31,2025-03-15 23:54:41
29961,0,2025-03-15 23:54:41,2025-03-15 23:54:51
29962,0,2025-03-15 23:54:51,2025-03-15 23:55:01
29963,0,2025-03-15 23:55:01,2025-03-15 23:55:11
29964,0,2025-03-15 23:55:11,2025-03-15 23:55:21
29965,0,2025-03-15 23:55:22,2025-03-15 23:55:32
29966,0,2025-03-15 23:55:32,2025-03-15 23:55:42
29967,0,2025-03-15 23:55:42,2025-03-15 23:55:52
29968,0,2025-03-15 23:55:52,2025-03-15 23:56:02
29969,0,2025-03-15 23:56:02,2025-03-15 23:56:12
29970,0,2025-03-15 23:56:12,2025-03-15 23:56:22
29971,0,2025-03-15 23:56:23,2025-03-15 23:56:33
29972,0,2025-03-15 23:56:33,2025-03-15 23:56:43
29973,0,2025-03-15 23:56:43,2025-03-15 23:56:53
29974,0,2025-03-15 23:56:53,2025-03-15 23:57:03
29975,0,2025-03-15 23:57:03,2025-03-15 23:57:13
29976,0,2025-03-15 23:57:13,2025-03-15 23:57:23
29977,0,2025-03-15 23:57:23,2025-03-15 23:57:33
29978,0,2025-03-15 23:57:33,2025-03-15 23:57:43
29979,0,2025-03-15 23:57:43,2025-03-15 23:57:53
29980,0,2025-03-15 23:57:53,2025-03-15 23:58:03
29981,0,2025-03-15 23:58:03,2025-03-15 23:58:13
29982,0,2025-03-15 23:58:13,2025-03-15 23:58:23
29983,0,2025-03-15 23:58:24,2025-03-15 23:58:34
29984,0,2025-03-15 23:58:34,2025-03-15 23:58:44
29985,0,2025-03-15 23:58:44,2025-03-15 23:58:54
29986,0,2025-03-15 23:58:54,2025-03-15 23:59:04
29987,0,2025-03-15 23:59:04,2025-03-15 23:59:14
29988,0,2025-03-15 23:59:14,2025-03-15 23:59:24
29989,0,2025-03-15 23:59:25,2025-03-15 23:59:35
29990,0,2025-03-15 23:59:35,2025-03-15 23:59:45
29991,0,2025-03-15 23:59:45,2025-03-15 23:59:55
29992,0,2025-03-15 23:59:55,2025-03-16 00:00:05
29993,0,2025-03-16 00:00:05,2025-03-16 00:00:15
29994,0,2025-03-16 00:00:15,2025-03-16 00:00:25
29995,0,2025-03-16 00:00:25,2025-03-16 00:00:35
29996,0,2025-03-16 00:00:35,2025-03-16 00:00:45
29997,0,2025-03-16 00:00:45,2025-03-16 00:00:55
29998,0,2025-03-16 00:00:55,2025-03-16 00:01:05
29999,0,2025-03-16 00:01:05,2025-03-16 00:01:15
30000,0,2025-03-16 00:01:15,2025-03-16 00:01:25
30001,0,2025-03-16 00:01:26,2025-03-16 00:01:36
30002,0,2025-03-16 00:01:36,2025-03-16 00:01:46
30003,0,2025-03-16 00:01:46,2025-03-16 00:01:56
30004,0,2025-03-16 00:01:56,2025-03-16 00:02:06
30005,0,2025-03-16 00:02:06,2025-03-16 00:02:16
30006,0,2025-03-16 00:02:16,2025-03-16 00:02:26
30007,0,2025-03-16 00:02:53,2025-03-16 00:03:03
30008,0,2025-03-16 00:03:03,2025-03-16 00:03:13
30009,0,2025-03-16 00:03:13,2025-03-16 00:03:23
30010,0,2025-03-16 00:03:23,2025-03-16 00:03:33
30011,0,2025-03-16 00:03:33,2025-03-16 00:03:43
30012,0,2025-03-16 00:03:43,2025-03-16 00:03:53
30013,0,2025-03-16 00:03:54,2025-03-16 00:04:04
30014,0,2025-03-16 00:04:04,2025-03-16 00:04:14
30015,0,2025-03-16 00:04:14,2025-03-16 00:04:24
30016,0,2025-03-16 00:04:24,2025-03-16 00:04:34
30017,0,2025-03-16 00:04:34,2025-03-16 00:04:44
30018,0,2025-03-16 00:04:44,2025-03-16 00:04:54
30019,0,2025-03-16 00:04:54,2025-03-16 00:05:04
30020,0,2025-03-16 00:05:04,2025-03-16 00:05:14
30021,0,2025-03-16 00:05:14,2025-03-16 00:05:24
30022,0,2025-03-16 00:05:24,2025-03-16 00:05:34
30023,0,2025-03-16 00:05:34,2025-03-16 00:05:44
30024,0,2025-03-16 00:05:44,2025-03-16 00:05:54
30025,0,2025-03-16 00:05:55,2025-03-16 00:06:05
30026,0,2025-03-16 00:06:05,2025-03-16 00:06:15
30027,0,2025-03-16 00:06:15,2025-03-16 00:06:25
30028,0,2025-03-16 00:06:25,2025-03-16 00:06:35
30029,0,2025-03-16 00:06:35,2025-03-16 00:06:45
30030,0,2025-03-16 00:06:45,2025-03-16 00:06:55
30031,0,2025-03-16 00:06:56,2025-03-16 00:07:06
30032,0,2025-03-16 00:07:06,2025-03-16 00:07:16
30033,0,2025-03-16 00:07:16,2025-03-16 00:07:26
30034,0,2025-03-16 00:07:26,2025-03-16 00:07:36
30035,0,2025-03-16 00:07:36,2025-03-16 00:07:46
30036,0,2025-03-16 00:07:46,2025-03-16 00:07:56
30037,0,2025-03-16 00:07:56,2025-03-16 00:08:06
30038,0,2025-03-16 00:08:06,2025-03-16 00:08:16
30039,0,2025-03-16 00:08:16,2025-03-16 00:08:26
30040,0,2025-03-16 00:08:26,2025-03-16 00:08:36
30041,0,2025-03-16 00:08:36,2025-03-16 00:08:46
30042,0,2025-03-16 00:08:46,2025-03-16 00:08:56
30043,0,2025-03-16 00:08:57,2025-03-16 00:09:07
30044,0,2025-03-16 00:09:07,2025-03-16 00:09:17
30045,0,2025-03-16 00:09:17,2025-03-16 00:09:27
30046,0,2025-03-16 00:09:27,2025-03-16 00:09:37
30047,0,2025-03-16 00:09:37,2025-03-16 00:09:47
30048,0,2025-03-16 00:09:47,2025-03-16 00:09:57
30049,0,2025-03-16 00:09:58,2025-03-16 00:10:08
30050,0,2025-03-16 00:10:08,2025-03-16 00:10:18
30051,0,2025-03-16 00:10:18,2025-03-16 00:10:28
30052,0,2025-03-16 00:10:28,2025-03-16 00:10:38
30053,0,2025-03-16 00:10:38,2025-03-16 00:10:48
30054,0,2025-03-16 00:10:48,2025-03-16 00:10:58
30055,0,2025-03-16 00:10:58,2025-03-16 00:11:08
30056,0,2025-03-16 00:11:08,2025-03-16 00:11:18
30057,0,2025-03-16 00:11:18,2025-03-16 00:11:28
30058,0,2025-03-16 00:11:28,2025-03-16 00:11:38
30059,0,2025-03-16 00:11:38,2025-03-16 00:11:48
30060,0,2025-03-16 00:11:48,2025-03-16 00:11:58
30061,0,2025-03-16 00:11:59,2025-03-16 00:12:09
30062,0,2025-03-16 00:12:09,2025-03-16 00:12:19
30063,0,2025-03-16 00:12:19,2025-03-16 00:12:29
30064,0,2025-03-16 00:12:29,2025-03-16 00:12:39
30065,0,2025-03-16 00:12:39,2025-03-16 00:12:49
30066,0,2025-03-16 00:12:49,2025-03-16 00:12:59
30067,0,2025-03-16 00:13:27,2025-03-16 00:13:37
30068,0,2025-03-16 00:13:37,2025-03-16 00:13:47
30069,0,2025-03-16 00:13:47,2025-03-16 00:13:57
30070,0,2025-03-16 00:13:57,2025-03-16 00:14:07
30071,0,2025-03-16 00:14:07,2025-03-16 00:14:17
30072,0,2025-03-16 00:14:17,2025-03-16 00:14:27
30073,0,2025-03-16 00:14:27,2025-03-16 00:14:37
30074,0,2025-03-16 00:14:37,2025-03-16 00:14:47
30075,0,2025-03-16 00:14:47,2025-03-16 00:14:57
30076,0,2025-03-16 00:14:57,2025-03-16 00:15:07
30077,0,2025-03-16 00:15:07,2025-03-16 00:15:17
30078,0,2025-03-16 00:15:17,2025-03-16 00:15:27
30079,0,2025-03-16 00:15:28,2025-03-16 00:15:38
30080,0,2025-03-16 00:15:38,2025-03-16 00:15:48
30081,0,2025-03-16 00:15:48,2025-03-16 00:15:58
30082,0,2025-03-16 00:15:58,2025-03-16 00:16:08
30083,0,2025-03-16 00:16:08,2025-03-16 00:16:18
30084,0,2025-03-16 00:16:18,2025-03-16 00:16:28
30085,0,2025-03-16 00:16:29,2025-03-16 00:16:39
30086,0,2025-03-16 00:16:39,2025-03-16 00:16:49
30087,0,2025-03-16 00:16:49,2025-03-16 00:16:59
30088,0,2025-03-16 00:16:59,2025-03-16 00:17:09
30089,0,2025-03-16 00:17:09,2025-03-16 00:17:19
30090,0,2025-03-16 00:17:19,2025-03-16 00:17:29
30091,0,2025-03-16 00:17:30,2025-03-16 00:17:40
30092,0,2025-03-16 00:17:40,2025-03-16 00:17:50
30093,0,2025-03-16 00:17:50,2025-03-16 00:18:00
30094,0,2025-03-16 00:18:00,2025-03-16 00:18:10
30095,0,2025-03-16 00:18:10,2025-03-16 00:18:20
30096,0,2025-03-16 00:18:20,2025-03-16 00:18:30
30097,0,2025-03-16 00:18:30,2025-03-16 00:18:40
30098,0,2025-03-16 00:18:40,2025-03-16 00:18:50
30099,0,2025-03-16 00:18:50,2025-03-16 00:19:00
30100,0,2025-03-16 00:19:00,2025-03-16 00:19:10
30101,0,2025-03-16 00:19:10,2025-03-16 00:19:20
30102,0,2025-03-16 00:19:20,2025-03-16 00:19:30
30103,0,2025-03-16 00:19:31,2025-03-16 00:19:41
30104,0,2025-03-16 00:19:41,2025-03-16 00:19:51
30105,0,2025-03-16 00:19:51,2025-03-16 00:20:01
30106,0,2025-03-16 00:20:01,2025-03-16 00:20:11
30107,0,2025-03-16 00:20:11,2025-03-16 00:20:21
30108,0,2025-03-16 00:20:21,2025-03-16 00:20:31
30109,0,2025-03-16 00:20:32,2025-03-16 00:20:42
30110,0,2025-03-16 00:20:42,2025-03-16 00:20:52
30111,0,2025-03-16 00:20:52,2025-03-16 00:21:02
30112,0,2025-03-16 00:21:02,2025-03-16 00:21:12
30113,0,2025-03-16 00:21:12,2025-03-16 00:21:22
30114,0,2025-03-16 00:21:22,2025-03-16 00:21:32
30115,0,2025-03-16 00:21:32,2025-03-16 00:21:42
30116,0,2025-03-16 00:21:42,2025-03-16 00:21:52
30117,0,2025-03-16 00:21:52,2025-03-16 00:22:02
30118,0,2025-03-16 00:22:02,2025-03-16 00:22:12
30119,0,2025-03-16 00:22:12,2025-03-16 00:22:22
30120,0,2025-03-16 00:22:22,2025-03-16 00:22:32
30121,0,2025-03-16 00:22:33,2025-03-16 00:22:43
30122,0,2025-03-16 00:22:43,2025-03-16 00:22:53
30123,0,2025-03-16 00:22:53,2025-03-16 00:23:03
30124,0,2025-03-16 00:23:03,2025-03-16 00:23:13
30125,0,2025-03-16 00:23:13,2025-03-16 00:23:23
30126,0,2025-03-16 00:23:23,2025-03-16 00:23:33
30127,0,2025-03-16 00:24:02,2025-03-16 00:24:12
30128,0,2025-03-16 00:24:12,2025-03-16 00:24:22
30129,0,2025-03-16 00:24:22,2025-03-16 00:24:32
30130,0,2025-03-16 00:24:32,2025-03-16 00:24:42
30131,0,2025-03-16 00:24:42,2025-03-16 00:24:52
30132,0,2025-03-16 00:24:52,2025-03-16 00:25:02
30133,0,2025-03-16 00:25:03,2025-03-16 00:25:13
30134,0,2025-03-16 00:25:13,2025-03-16 00:25:23
30135,0,2025-03-16 00:25:23,2025-03-16 00:25:33
30136,0,2025-03-16 00:25:33,2025-03-16 00:25:43
30137,0,2025-03-16 00:25:43,2025-03-16 00:25:53
30138,0,2025-03-16 00:25:53,2025-03-16 00:26:03
30139,0,2025-03-16 00:26:04,2025-03-16 00:26:14
30140,0,2025-03-16 00:26:14,2025-03-16 00:26:24
30141,0,2025-03-16 00:26:24,2025-03-16 00:26:34
30142,0,2025-03-16 00:26:34,2025-03-16 00:26:44
30143,0,2025-03-16 00:26:44,2025-03-16 00:26:54
30144,0,2025-03-16 00:26:54,2025-03-16 00:27:04
30145,0,2025-03-16 00:27:04,2025-03-16 00:27:14
30146,0,2025-03-16 00:27:14,2025-03-16 00:27:24
30147,0,2025-03-16 00:27:24,2025-03-16 00:27:34
30148,0,2025-03-16 00:27:34,2025-03-16 00:27:44
30149,0,2025-03-16 00:27:44,2025-03-16 00:27:54
30150,0,2025-03-16 00:27:54,2025-03-16 00:28:04
30151,0,2025-03-16 00:28:05,2025-03-16 00:28:15
30152,0,2025-03-16 00:28:15,2025-03-16 00:28:25
30153,0,2025-03-16 00:28:25,2025-03-16 00:28:35
30154,0,2025-03-16 00:28:35,2025-03-16 00:28:45
30155,0,2025-03-16 00:28:45,2025-03-16 00:28:55
30156,0,2025-03-16 00:28:55,2025-03-16 00:29:05
30157,0,2025-03-16 00:29:06,2025-03-16 00:29:16
30158,0,2025-03-16 00:29:16,2025-03-16 00:29:26
30159,0,2025-03-16 00:29:26,2025-03-16 00:29:36
30160,0,2025-03-16 00:29:36,2025-03-16 00:29:46
30161,0,2025-03-16 00:29:46,2025-03-16 00:29:56
30162,0,2025-03-16 00:29:56,2025-03-16 00:30:06
30163,0,2025-03-16 00:30:07,2025-03-16 00:30:17
30164,0,2025-03-16 00:30:17,2025-03-16 00:30:27
30165,0,2025-03-16 00:30:27,2025-03-16 00:30:37
30166,0,2025-03-16 00:30:37,2025-03-16 00:30:47
30167,0,2025-03-16 00:30:47,2025-03-16 00:30:57
30168,0,2025-03-16 00:30:57,2025-03-16 00:31:07
30169,0,2025-03-16 00:31:07,2025-03-16 00:31:17
30170,0,2025-03-16 00:31:17,2025-03-16 00:31:27
30171,0,2025-03-16 00:31:27,2025-03-16 00:31:37
30172,0,2025-03-16 00:31:37,2025-03-16 00:31:47
30173,0,2025-03-16 00:31:47,2025-03-16 00:31:57
30174,0,2025-03-16 00:31:57,2025-03-16 00:32:07
30175,0,2025-03-16 00:32:08,2025-03-16 00:32:18
30176,0,2025-03-16 00:32:18,2025-03-16 00:32:28
30177,0,2025-03-16 00:32:28,2025-03-16 00:32:38
30178,0,2025-03-16 00:32:38,2025-03-16 00:32:48
30179,0,2025-03-16 00:32:48,2025-03-16 00:32:58
30180,0,2025-03-16 00:32:58,2025-03-16 00:33:08
30181,0,2025-03-16 00:33:09,2025-03-16 00:33:19
30182,0,2025-03-16 00:33:19,2025-03-16 00:33:29
30183,0,2025-03-16 00:33:29,2025-03-16 00:33:39
30184,0,2025-03-16 00:33:39,2025-03-16 00:33:49
30185,0,2025-03-16 00:33:49,2025-03-16 00:33:59
30186,0,2025-03-16 00:33:59,2025-03-16 00:34:09
30187,0,2025-03-16 00:37:41,2025-03-16 00:37:51
30188,0,2025-03-16 00:37:51,2025-03-16 00:38:01
30189,0,2025-03-16 00:38:01,2025-03-16 00:38:11
30190,0,2025-03-16 00:38:11,2025-03-16 00:38:21
30191,0,2025-03-16 00:38:21,2025-03-16 00:38:31
30192,0,2025-03-16 00:38:31,2025-03-16 00:38:41
30193,0,2025-03-16 00:38:42,2025-03-16 00:38:52
30194,0,2025-03-16 00:38:52,2025-03-16 00:39:02
30195,0,2025-03-16 00:39:02,2025-03-16 00:39:12
30196,0,2025-03-16 00:39:12,2025-03-16 00:39:22
30197,0,2025-03-16 00:39:22,2025-03-16 00:39:32
30198,0,2025-03-16 00:39:32,2025-03-16 00:39:42
30199,0,2025-03-16 00:39:43,2025-03-16 00:39:53
30200,0,2025-03-16 00:39:53,2025-03-16 00:40:03
30201,0,2025-03-16 00:40:03,2025-03-16 00:40:13
30202,0,2025-03-16 00:40:13,2025-03-16 00:40:23
30203,0,2025-03-16 00:40:23,2025-03-16 00:40:33
30204,0,2025-03-16 00:40:33,2025-03-16 00:40:43
30205,0,2025-03-16 00:40:44,2025-03-16 00:40:54
30206,0,2025-03-16 00:40:54,2025-03-16 00:41:04
30207,0,2025-03-16 00:41:04,2025-03-16 00:41:14
30208,0,2025-03-16 00:41:14,2025-03-16 00:41:24
30209,0,2025-03-16 00:41:24,2025-03-16 00:41:34
30210,0,2025-03-16 00:41:34,2025-03-16 00:41:44
30211,0,2025-03-16 00:41:45,2025-03-16 00:41:55
30212,0,2025-03-16 00:41:55,2025-03-16 00:42:05
30213,0,2025-03-16 00:42:05,2025-03-16 00:42:15
30214,0,2025-03-16 00:42:15,2025-03-16 00:42:25
30215,0,2025-03-16 00:42:25,2025-03-16 00:42:35
30216,0,2025-03-16 00:42:35,2025-03-16 00:42:45
30217,0,2025-03-16 00:42:45,2025-03-16 00:42:55
30218,0,2025-03-16 00:42:55,2025-03-16 00:43:05
30219,0,2025-03-16 00:43:05,2025-03-16 00:43:15
30220,0,2025-03-16 00:43:15,2025-03-16 00:43:25
30221,0,2025-03-16 00:43:25,2025-03-16 00:43:35
30222,0,2025-03-16 00:43:35,2025-03-16 00:43:45
30223,0,2025-03-16 00:43:46,2025-03-16 00:43:56
30224,0,2025-03-16 00:43:56,2025-03-16 00:44:06
30225,0,2025-03-16 00:44:06,2025-03-16 00:44:16
30226,0,2025-03-16 00:44:16,2025-03-16 00:44:26
30227,0,2025-03-16 00:44:26,2025-03-16 00:44:36
30228,0,2025-03-16 00:44:36,2025-03-16 00:44:46
30229,0,2025-03-16 00:44:47,2025-03-16 00:44:57
30230,0,2025-03-16 00:44:57,2025-03-16 00:45:07
30231,0,2025-03-16 00:45:07,2025-03-16 00:45:17
30232,0,2025-03-16 00:45:17,2025-03-16 00:45:27
30233,0,2025-03-16 00:45:27,2025-03-16 00:45:37
30234,0,2025-03-16 00:45:37,2025-03-16 00:45:47
30235,0,2025-03-16 00:45:47,2025-03-16 00:45:57
30236,0,2025-03-16 00:45:57,2025-03-16 00:46:07
30237,0,2025-03-16 00:46:07,2025-03-16 00:46:17
30238,0,2025-03-16 00:46:17,2025-03-16 00:46:27
30239,0,2025-03-16 00:46:27,2025-03-16 00:46:37
30240,0,2025-03-16 00:46:37,2025-03-16 00:46:47
30241,0,2025-03-16 00:46:48,2025-03-16 00:46:58
30242,0,2025-03-16 00:46:58,2025-03-16 00:47:08
30243,0,2025-03-16 00:47:08,2025-03-16 00:47:18
30244,0,2025-03-16 00:47:18,2025-03-16 00:47:28
30245,0,2025-03-16 00:47:28,2025-03-16 00:47:38
30246,0,2025-03-16 00:47:38,2025-03-16 00:47:48
30247,0,2025-03-16 00:48:16,2025-03-16 00:48:26
30248,0,2025-03-16 00:48:26,2025-03-16 00:48:36
30249,0,2025-03-16 00:48:36,2025-03-16 00:48:46
30250,0,2025-03-16 00:48:46,2025-03-16 00:48:56
30251,0,2025-03-16 00:48:56,2025-03-16 00:49:06
30252,0,2025-03-16 00:49:06,2025-03-16 00:49:16
30253,0,2025-03-16 00:49:17,2025-03-16 00:49:27
30254,0,2025-03-16 00:49:27,2025-03-16 00:49:37
30255,0,2025-03-16 00:49:37,2025-03-16 00:49:47
30256,0,2025-03-16 00:49:47,2025-03-16 00:49:57
30257,0,2025-03-16 00:49:57,2025-03-16 00:50:07
30258,0,2025-03-16 00:50:07,2025-03-16 00:50:17
30259,0,2025-03-16 00:50:18,2025-03-16 00:50:28
30260,0,2025-03-16 00:50:28,2025-03-16 00:50:38
30261,0,2025-03-16 00:50:38,2025-03-16 00:50:48
30262,0,2025-03-16 00:50:48,2025-03-16 00:50:58
30263,0,2025-03-16 00:50:58,2025-03-16 00:51:08
30264,0,2025-03-16 00:51:08,2025-03-16 00:51:18
30265,0,2025-03-16 00:51:19,2025-03-16 00:51:29
30266,0,2025-03-16 00:51:29,2025-03-16 00:51:39
30267,0,2025-03-16 00:51:39,2025-03-16 00:51:49
30268,0,2025-03-16 00:51:49,2025-03-16 00:51:59
30269,0,2025-03-16 00:51:59,2025-03-16 00:52:09
30270,0,2025-03-16 00:52:09,2025-03-16 00:52:19
30271,0,2025-03-16 00:52:19,2025-03-16 00:52:29
30272,0,2025-03-16 00:52:29,2025-03-16 00:52:39
30273,0,2025-03-16 00:52:39,2025-03-16 00:52:49
30274,0,2025-03-16 00:52:49,2025-03-16 00:52:59
30275,0,2025-03-16 00:52:59,2025-03-16 00:53:09
30276,0,2025-03-16 00:53:09,2025-03-16 00:53:19
30277,0,2025-03-16 00:53:20,2025-03-16 00:53:30
30278,0,2025-03-16 00:53:30,2025-03-16 00:53:40
30279,0,2025-03-16 00:53:40,2025-03-16 00:53:50
30280,0,2025-03-16 00:53:50,2025-03-16 00:54:00
30281,0,2025-03-16 00:54:00,2025-03-16 00:54:10
30282,0,2025-03-16 00:54:10,2025-03-16 00:54:20
30283,0,2025-03-16 00:54:21,2025-03-16 00:54:31
30284,0,2025-03-16 00:54:31,2025-03-16 00:54:41
30285,0,2025-03-16 00:54:41,2025-03-16 00:54:51
30286,0,2025-03-16 00:54:51,2025-03-16 00:55:01
30287,0,2025-03-16 00:55:01,2025-03-16 00:55:11
30288,0,2025-03-16 00:55:11,2025-03-16 00:55:21
30289,0,2025-03-16 00:55:22,2025-03-16 00:55:32
30290,0,2025-03-16 00:55:32,2025-03-16 00:55:42
30291,0,2025-03-16 00:55:42,2025-03-16 00:55:52
30292,0,2025-03-16 00:55:52,2025-03-16 00:56:02
30293,0,2025-03-16 00:56:02,2025-03-16 00:56:12
30294,0,2025-03-16 00:56:12,2025-03-16 00:56:22
30295,0,2025-03-16 00:56:23,2025-03-16 00:56:33
30296,0,2025-03-16 00:56:33,2025-03-16 00:56:43
30297,0,2025-03-16 00:56:43,2025-03-16 00:56:53
30298,0,2025-03-16 00:56:53,2025-03-16 00:57:03
30299,0,2025-03-16 00:57:03,2025-03-16 00:57:13
30300,0,2025-03-16 00:57:13,2025-03-16 00:57:23
30301,0,2025-03-16 00:57:23,2025-03-16 00:57:33
30302,0,2025-03-16 00:57:33,2025-03-16 00:57:43
30303,0,2025-03-16 00:57:43,2025-03-16 00:57:53
30304,0,2025-03-16 00:57:53,2025-03-16 00:58:03
30305,0,2025-03-16 00:58:03,2025-03-16 00:58:13
30306,0,2025-03-16 00:58:13,2025-03-16 00:58:23
30307,0,2025-03-16 00:58:55,2025-03-16 00:59:05
30308,0,2025-03-16 00:59:05,2025-03-16 00:59:15
30309,0,2025-03-16 00:59:15,2025-03-16 00:59:25
30310,0,2025-03-16 00:59:25,2025-03-16 00:59:35
30311,0,2025-03-16 00:59:35,2025-03-16 00:59:45
30312,0,2025-03-16 00:59:45,2025-03-16 00:59:55
30313,0,2025-03-16 00:59:56,2025-03-16 01:00:06
30314,0,2025-03-16 01:00:06,2025-03-16 01:00:16
30315,0,2025-03-16 01:00:16,2025-03-16 01:00:26
30316,0,2025-03-16 01:00:26,2025-03-16 01:00:36
30317,0,2025-03-16 01:00:36,2025-03-16 01:00:46
30318,0,2025-03-16 01:00:46,2025-03-16 01:00:56
30319,0,2025-03-16 01:00:56,2025-03-16 01:01:06
30320,0,2025-03-16 01:01:06,2025-03-16 01:01:16
30321,0,2025-03-16 01:01:16,2025-03-16 01:01:26
30322,0,2025-03-16 01:01:26,2025-03-16 01:01:36
30323,0,2025-03-16 01:01:36,2025-03-16 01:01:46
30324,0,2025-03-16 01:01:46,2025-03-16 01:01:56
30325,0,2025-03-16 01:01:57,2025-03-16 01:02:07
30326,0,2025-03-16 01:02:07,2025-03-16 01:02:17
30327,0,2025-03-16 01:02:17,2025-03-16 01:02:27
30328,0,2025-03-16 01:02:27,2025-03-16 01:02:37
30329,0,2025-03-16 01:02:37,2025-03-16 01:02:47
30330,0,2025-03-16 01:02:47,2025-03-16 01:02:57
30331,0,2025-03-16 01:02:58,2025-03-16 01:03:08
30332,0,2025-03-16 01:03:08,2025-03-16 01:03:18
30333,0,2025-03-16 01:03:18,2025-03-16 01:03:28
30334,0,2025-03-16 01:03:28,2025-03-16 01:03:38
30335,0,2025-03-16 01:03:38,2025-03-16 01:03:48
30336,0,2025-03-16 01:03:48,2025-03-16 01:03:58
30337,0,2025-03-16 01:03:59,2025-03-16 01:04:09
30338,0,2025-03-16 01:04:09,2025-03-16 01:04:19
30339,0,2025-03-16 01:04:19,2025-03-16 01:04:29
30340,0,2025-03-16 01:04:29,2025-03-16 01:04:39
30341,0,2025-03-16 01:04:39,2025-03-16 01:04:49
30342,0,2025-03-16 01:04:49,2025-03-16 01:04:59
30343,0,2025-03-16 01:04:59,2025-03-16 01:05:09
30344,0,2025-03-16 01:05:09,2025-03-16 01:05:19
30345,0,2025-03-16 01:05:19,2025-03-16 01:05:29
30346,0,2025-03-16 01:05:29,2025-03-16 01:05:39
30347,0,2025-03-16 01:05:39,2025-03-16 01:05:49
30348,0,2025-03-16 01:05:49,2025-03-16 01:05:59
30349,0,2025-03-16 01:06:00,2025-03-16 01:06:10
30350,0,2025-03-16 01:06:10,2025-03-16 01:06:20
30351,0,2025-03-16 01:06:20,2025-03-16 01:06:30
30352,0,2025-03-16 01:06:30,2025-03-16 01:06:40
30353,0,2025-03-16 01:06:40,2025-03-16 01:06:50
30354,0,2025-03-16 01:06:50,2025-03-16 01:07:00
30355,0,2025-03-16 01:07:01,2025-03-16 01:07:11
30356,0,2025-03-16 01:07:11,2025-03-16 01:07:21
30357,0,2025-03-16 01:07:21,2025-03-16 01:07:31
30358,0,2025-03-16 01:07:31,2025-03-16 01:07:41
30359,0,2025-03-16 01:07:41,2025-03-16 01:07:51
30360,0,2025-03-16 01:07:51,2025-03-16 01:08:01
30361,0,2025-03-16 01:08:02,2025-03-16 01:08:12
30362,0,2025-03-16 01:08:12,2025-03-16 01:08:22
30363,0,2025-03-16 01:08:22,2025-03-16 01:08:32
30364,0,2025-03-16 01:08:32,2025-03-16 01:08:42
30365,0,2025-03-16 01:08:42,2025-03-16 01:08:52
30366,0,2025-03-16 01:08:52,2025-03-16 01:09:02
30367,0,2025-03-16 01:09:16,2025-03-16 01:09:26
30368,0,2025-03-16 01:09:26,2025-03-16 01:09:36
30369,0,2025-03-16 01:09:36,2025-03-16 01:09:46
30370,0,2025-03-16 01:09:46,2025-03-16 01:09:56
30371,0,2025-03-16 01:09:56,2025-03-16 01:10:06
30372,0,2025-03-16 01:10:06,2025-03-16 01:10:16
30373,0,2025-03-16 01:10:16,2025-03-16 01:10:26
30374,0,2025-03-16 01:10:26,2025-03-16 01:10:36
30375,0,2025-03-16 01:10:36,2025-03-16 01:10:46
30376,0,2025-03-16 01:10:46,2025-03-16 01:10:56
30377,0,2025-03-16 01:10:56,2025-03-16 01:11:06
30378,0,2025-03-16 01:11:06,2025-03-16 01:11:16
30379,0,2025-03-16 01:11:17,2025-03-16 01:11:27
30380,0,2025-03-16 01:11:27,2025-03-16 01:11:37
30381,0,2025-03-16 01:11:37,2025-03-16 01:11:47
30382,0,2025-03-16 01:11:47,2025-03-16 01:11:57
30383,0,2025-03-16 01:11:57,2025-03-16 01:12:07
30384,0,2025-03-16 01:12:07,2025-03-16 01:12:17
30385,1,2025-03-16 01:12:18,2025-03-16 01:12:28
30386,1,2025-03-16 01:12:28,2025-03-16 01:12:38
30387,1,2025-03-16 01:12:38,2025-03-16 01:12:48
30388,0,2025-03-16 01:12:48,2025-03-16 01:12:58
30389,0,2025-03-16 01:12:58,2025-03-16 01:13:08
30390,0,2025-03-16 01:13:08,2025-03-16 01:13:18
30391,0,2025-03-16 01:13:19,2025-03-16 01:13:29
30392,0,2025-03-16 01:13:29,2025-03-16 01:13:39
30393,0,2025-03-16 01:13:39,2025-03-16 01:13:49
30394,0,2025-03-16 01:13:49,2025-03-16 01:13:59
30395,0,2025-03-16 01:13:59,2025-03-16 01:14:09
30396,0,2025-03-16 01:14:09,2025-03-16 01:14:19
30397,0,2025-03-16 01:14:19,2025-03-16 01:14:29
30398,0,2025-03-16 01:14:29,2025-03-16 01:14:39
30399,0,2025-03-16 01:14:39,2025-03-16 01:14:49
30400,0,2025-03-16 01:14:49,2025-03-16 01:14:59
30401,0,2025-03-16 01:14:59,2025-03-16 01:15:09
30402,0,2025-03-16 01:15:09,2025-03-16 01:15:19
30403,0,2025-03-16 01:15:20,2025-03-16 01:15:30
30404,0,2025-03-16 01:15:30,2025-03-16 01:15:40
30405,0,2025-03-16 01:15:40,2025-03-16 01:15:50
30406,0,2025-03-16 01:15:50,2025-03-16 01:16:00
30407,0,2025-03-16 01:16:00,2025-03-16 01:16:10
30408,0,2025-03-16 01:16:10,2025-03-16 01:16:20
30409,0,2025-03-16 01:16:21,2025-03-16 01:16:31
30410,0,2025-03-16 01:16:31,2025-03-16 01:16:41
30411,0,2025-03-16 01:16:41,2025-03-16 01:16:51
30412,0,2025-03-16 01:16:51,2025-03-16 01:17:01
30413,0,2025-03-16 01:17:01,2025-03-16 01:17:11
30414,0,2025-03-16 01:17:11,2025-03-16 01:17:21
30415,0,2025-03-16 01:17:21,2025-03-16 01:17:31
30416,0,2025-03-16 01:17:31,2025-03-16 01:17:41
30417,0,2025-03-16 01:17:41,2025-03-16 01:17:51
30418,0,2025-03-16 01:17:51,2025-03-16 01:18:01
30419,0,2025-03-16 01:18:01,2025-03-16 01:18:11
30420,0,2025-03-16 01:18:11,2025-03-16 01:18:21
30421,0,2025-03-16 01:18:22,2025-03-16 01:18:32
30422,0,2025-03-16 01:18:32,2025-03-16 01:18:42
30423,0,2025-03-16 01:18:42,2025-03-16 01:18:52
30424,0,2025-03-16 01:18:52,2025-03-16 01:19:02
30425,0,2025-03-16 01:19:02,2025-03-16 01:19:12
30426,0,2025-03-16 01:19:12,2025-03-16 01:19:22
30427,0,2025-03-16 01:19:37,2025-03-16 01:19:47
30428,0,2025-03-16 01:19:47,2025-03-16 01:19:57
30429,0,2025-03-16 01:19:57,2025-03-16 01:20:07
30430,0,2025-03-16 01:20:07,2025-03-16 01:20:17
30431,0,2025-03-16 01:20:17,2025-03-16 01:20:27
30432,0,2025-03-16 01:20:27,2025-03-16 01:20:37
30433,0,2025-03-16 01:20:37,2025-03-16 01:20:47
30434,0,2025-03-16 01:20:47,2025-03-16 01:20:57
30435,0,2025-03-16 01:20:57,2025-03-16 01:21:07
30436,0,2025-03-16 01:21:07,2025-03-16 01:21:17
30437,0,2025-03-16 01:21:17,2025-03-16 01:21:27
30438,0,2025-03-16 01:21:27,2025-03-16 01:21:37
30439,0,2025-03-16 01:21:38,2025-03-16 01:21:48
30440,0,2025-03-16 01:21:48,2025-03-16 01:21:58
30441,0,2025-03-16 01:21:58,2025-03-16 01:22:08
30442,0,2025-03-16 01:22:08,2025-03-16 01:22:18
30443,0,2025-03-16 01:22:18,2025-03-16 01:22:28
30444,0,2025-03-16 01:22:28,2025-03-16 01:22:38
30445,0,2025-03-16 01:22:39,2025-03-16 01:22:49
30446,0,2025-03-16 01:22:49,2025-03-16 01:22:59
30447,0,2025-03-16 01:22:59,2025-03-16 01:23:09
30448,0,2025-03-16 01:23:09,2025-03-16 01:23:19
30449,0,2025-03-16 01:23:19,2025-03-16 01:23:29
30450,0,2025-03-16 01:23:29,2025-03-16 01:23:39
30451,0,2025-03-16 01:23:40,2025-03-16 01:23:50
30452,0,2025-03-16 01:23:50,2025-03-16 01:24:00
30453,0,2025-03-16 01:24:00,2025-03-16 01:24:10
30454,0,2025-03-16 01:24:10,2025-03-16 01:24:20
30455,0,2025-03-16 01:24:20,2025-03-16 01:24:30
30456,0,2025-03-16 01:24:30,2025-03-16 01:24:40
30457,0,2025-03-16 01:24:40,2025-03-16 01:24:50
30458,0,2025-03-16 01:24:50,2025-03-16 01:25:00
30459,0,2025-03-16 01:25:00,2025-03-16 01:25:10
30460,0,2025-03-16 01:25:10,2025-03-16 01:25:20
30461,0,2025-03-16 01:25:20,2025-03-16 01:25:30
30462,0,2025-03-16 01:25:30,2025-03-16 01:25:40
30463,0,2025-03-16 01:25:41,2025-03-16 01:25:51
30464,0,2025-03-16 01:25:51,2025-03-16 01:26:01
30465,0,2025-03-16 01:26:01,2025-03-16 01:26:11
30466,0,2025-03-16 01:26:11,2025-03-16 01:26:21
30467,0,2025-03-16 01:26:21,2025-03-16 01:26:31
30468,0,2025-03-16 01:26:31,2025-03-16 01:26:41
30469,0,2025-03-16 01:26:42,2025-03-16 01:26:52
30470,0,2025-03-16 01:26:52,2025-03-16 01:27:02
30471,0,2025-03-16 01:27:02,2025-03-16 01:27:12
30472,0,2025-03-16 01:27:12,2025-03-16 01:27:22
30473,0,2025-03-16 01:27:22,2025-03-16 01:27:32
30474,0,2025-03-16 01:27:32,2025-03-16 01:27:42
30475,0,2025-03-16 01:27:42,2025-03-16 01:27:52
30476,0,2025-03-16 01:27:52,2025-03-16 01:28:02
30477,0,2025-03-16 01:28:02,2025-03-16 01:28:12
30478,0,2025-03-16 01:28:12,2025-03-16 01:28:22
30479,0,2025-03-16 01:28:22,2025-03-16 01:28:32
30480,0,2025-03-16 01:28:32,2025-03-16 01:28:42
30481,0,2025-03-16 01:28:43,2025-03-16 01:28:53
30482,0,2025-03-16 01:28:53,2025-03-16 01:29:03
30483,0,2025-03-16 01:29:03,2025-03-16 01:29:13
30484,0,2025-03-16 01:29:13,2025-03-16 01:29:23
30485,0,2025-03-16 01:29:23,2025-03-16 01:29:33
30486,0,2025-03-16 01:29:33,2025-03-16 01:29:43
30487,0,2025-03-16 01:30:11,2025-03-16 01:30:21
30488,0,2025-03-16 01:30:21,2025-03-16 01:30:31
30489,0,2025-03-16 01:30:31,2025-03-16 01:30:41
30490,0,2025-03-16 01:30:41,2025-03-16 01:30:51
30491,0,2025-03-16 01:30:51,2025-03-16 01:31:01
30492,0,2025-03-16 01:31:01,2025-03-16 01:31:11
30493,0,2025-03-16 01:31:12,2025-03-16 01:31:22
30494,0,2025-03-16 01:31:22,2025-03-16 01:31:32
30495,0,2025-03-16 01:31:32,2025-03-16 01:31:42
30496,0,2025-03-16 01:31:42,2025-03-16 01:31:52
30497,0,2025-03-16 01:31:52,2025-03-16 01:32:02
30498,0,2025-03-16 01:32:02,2025-03-16 01:32:12
30499,0,2025-03-16 01:32:13,2025-03-16 01:32:23
30500,0,2025-03-16 01:32:23,2025-03-16 01:32:33
30501,0,2025-03-16 01:32:33,2025-03-16 01:32:43
30502,0,2025-03-16 01:32:43,2025-03-16 01:32:53
30503,0,2025-03-16 01:32:53,2025-03-16 01:33:03
30504,0,2025-03-16 01:33:03,2025-03-16 01:33:13
30505,0,2025-03-16 01:33:13,2025-03-16 01:33:23
30506,0,2025-03-16 01:33:23,2025-03-16 01:33:33
30507,0,2025-03-16 01:33:33,2025-03-16 01:33:43
30508,0,2025-03-16 01:33:43,2025-03-16 01:33:53
30509,0,2025-03-16 01:33:53,2025-03-16 01:34:03
30510,0,2025-03-16 01:34:03,2025-03-16 01:34:13
30511,0,2025-03-16 01:34:14,2025-03-16 01:34:24
30512,0,2025-03-16 01:34:24,2025-03-16 01:34:34
30513,0,2025-03-16 01:34:34,2025-03-16 01:34:44
30514,0,2025-03-16 01:34:44,2025-03-16 01:34:54
30515,0,2025-03-16 01:34:54,2025-03-16 01:35:04
30516,0,2025-03-16 01:35:04,2025-03-16 01:35:14
30517,0,2025-03-16 01:35:15,2025-03-16 01:35:25
30518,0,2025-03-16 01:35:25,2025-03-16 01:35:35
30519,0,2025-03-16 01:35:35,2025-03-16 01:35:45
30520,0,2025-03-16 01:35:45,2025-03-16 01:35:55
30521,0,2025-03-16 01:35:55,2025-03-16 01:36:05
30522,0,2025-03-16 01:36:05,2025-03-16 01:36:15
30523,0,2025-03-16 01:36:16,2025-03-16 01:36:26
30524,0,2025-03-16 01:36:26,2025-03-16 01:36:36
30525,0,2025-03-16 01:36:36,2025-03-16 01:36:46
30526,0,2025-03-16 01:36:46,2025-03-16 01:36:56
30527,0,2025-03-16 01:36:56,2025-03-16 01:37:06
30528,0,2025-03-16 01:37:06,2025-03-16 01:37:16
30529,0,2025-03-16 01:37:17,2025-03-16 01:37:27
30530,0,2025-03-16 01:37:27,2025-03-16 01:37:37
30531,0,2025-03-16 01:37:37,2025-03-16 01:37:47
30532,0,2025-03-16 01:37:47,2025-03-16 01:37:57
30533,0,2025-03-16 01:37:57,2025-03-16 01:38:07
30534,0,2025-03-16 01:38:07,2025-03-16 01:38:17
30535,0,2025-03-16 01:38:17,2025-03-16 01:38:27
30536,0,2025-03-16 01:38:27,2025-03-16 01:38:37
30537,0,2025-03-16 01:38:37,2025-03-16 01:38:47
30538,0,2025-03-16 01:38:47,2025-03-16 01:38:57
30539,0,2025-03-16 01:38:57,2025-03-16 01:39:07
30540,0,2025-03-16 01:39:07,2025-03-16 01:39:17
30541,0,2025-03-16 01:39:18,2025-03-16 01:39:28
30542,0,2025-03-16 01:39:28,2025-03-16 01:39:38
30543,0,2025-03-16 01:39:38,2025-03-16 01:39:48
30544,0,2025-03-16 01:39:48,2025-03-16 01:39:58
30545,0,2025-03-16 01:39:58,2025-03-16 01:40:08
30546,0,2025-03-16 01:40:08,2025-03-16 01:40:18
30547,0,2025-03-16 01:40:47,2025-03-16 01:40:57
30548,0,2025-03-16 01:40:57,2025-03-16 01:41:07
30549,0,2025-03-16 01:41:07,2025-03-16 01:41:17
30550,0,2025-03-16 01:41:17,2025-03-16 01:41:27
30551,0,2025-03-16 01:41:27,2025-03-16 01:41:37
30552,0,2025-03-16 01:41:37,2025-03-16 01:41:47
30553,0,2025-03-16 01:41:48,2025-03-16 01:41:58
30554,0,2025-03-16 01:41:58,2025-03-16 01:42:08
30555,0,2025-03-16 01:42:08,2025-03-16 01:42:18
30556,0,2025-03-16 01:42:18,2025-03-16 01:42:28
30557,0,2025-03-16 01:42:28,2025-03-16 01:42:38
30558,0,2025-03-16 01:42:38,2025-03-16 01:42:48
30559,0,2025-03-16 01:42:48,2025-03-16 01:42:58
30560,0,2025-03-16 01:42:58,2025-03-16 01:43:08
30561,0,2025-03-16 01:43:08,2025-03-16 01:43:18
30562,0,2025-03-16 01:43:18,2025-03-16 01:43:28
30563,0,2025-03-16 01:43:28,2025-03-16 01:43:38
30564,0,2025-03-16 01:43:38,2025-03-16 01:43:48
30565,0,2025-03-16 01:43:49,2025-03-16 01:43:59
30566,0,2025-03-16 01:43:59,2025-03-16 01:44:09
30567,0,2025-03-16 01:44:09,2025-03-16 01:44:19
30568,0,2025-03-16 01:44:19,2025-03-16 01:44:29
30569,0,2025-03-16 01:44:29,2025-03-16 01:44:39
30570,0,2025-03-16 01:44:39,2025-03-16 01:44:49
30571,0,2025-03-16 01:44:50,2025-03-16 01:45:00
30572,0,2025-03-16 01:45:00,2025-03-16 01:45:10
30573,0,2025-03-16 01:45:10,2025-03-16 01:45:20
30574,0,2025-03-16 01:45:20,2025-03-16 01:45:30
30575,0,2025-03-16 01:45:30,2025-03-16 01:45:40
30576,0,2025-03-16 01:45:40,2025-03-16 01:45:50
30577,0,2025-03-16 01:45:50,2025-03-16 01:46:00
30578,0,2025-03-16 01:46:00,2025-03-16 01:46:10
30579,0,2025-03-16 01:46:10,2025-03-16 01:46:20
30580,0,2025-03-16 01:46:20,2025-03-16 01:46:30
30581,0,2025-03-16 01:46:30,2025-03-16 01:46:40
30582,0,2025-03-16 01:46:40,2025-03-16 01:46:50
30583,0,2025-03-16 01:46:51,2025-03-16 01:47:01
30584,0,2025-03-16 01:47:01,2025-03-16 01:47:11
30585,0,2025-03-16 01:47:11,2025-03-16 01:47:21
30586,0,2025-03-16 01:47:21,2025-03-16 01:47:31
30587,0,2025-03-16 01:47:31,2025-03-16 01:47:41
30588,0,2025-03-16 01:47:41,2025-03-16 01:47:51
30589,0,2025-03-16 01:47:52,2025-03-16 01:48:02
30590,0,2025-03-16 01:48:02,2025-03-16 01:48:12
30591,0,2025-03-16 01:48:12,2025-03-16 01:48:22
30592,0,2025-03-16 01:48:22,2025-03-16 01:48:32
30593,0,2025-03-16 01:48:32,2025-03-16 01:48:42
30594,0,2025-03-16 01:48:42,2025-03-16 01:48:52
30595,0,2025-03-16 01:48:52,2025-03-16 01:49:02
30596,0,2025-03-16 01:49:02,2025-03-16 01:49:12
30597,0,2025-03-16 01:49:12,2025-03-16 01:49:22
30598,0,2025-03-16 01:49:22,2025-03-16 01:49:32
30599,0,2025-03-16 01:49:32,2025-03-16 01:49:42
30600,0,2025-03-16 01:49:42,2025-03-16 01:49:52
30601,0,2025-03-16 01:49:53,2025-03-16 01:50:03
30602,0,2025-03-16 01:50:03,2025-03-16 01:50:13
30603,0,2025-03-16 01:50:13,2025-03-16 01:50:23
30604,0,2025-03-16 01:50:23,2025-03-16 01:50:33
30605,0,2025-03-16 01:50:33,2025-03-16 01:50:43
30606,0,2025-03-16 01:50:43,2025-03-16 01:50:53
30607,0,2025-03-16 01:51:21,2025-03-16 01:51:31
30608,0,2025-03-16 01:51:31,2025-03-16 01:51:41
30609,0,2025-03-16 01:51:41,2025-03-16 01:51:51
30610,0,2025-03-16 01:51:51,2025-03-16 01:52:01
30611,0,2025-03-16 01:52:01,2025-03-16 01:52:11
30612,0,2025-03-16 01:52:11,2025-03-16 01:52:21
30613,0,2025-03-16 01:52:21,2025-03-16 01:52:31
30614,0,2025-03-16 01:52:31,2025-03-16 01:52:41
30615,0,2025-03-16 01:52:41,2025-03-16 01:52:51
30616,0,2025-03-16 01:52:51,2025-03-16 01:53:01
30617,0,2025-03-16 01:53:01,2025-03-16 01:53:11
30618,0,2025-03-16 01:53:11,2025-03-16 01:53:21
30619,0,2025-03-16 01:53:22,2025-03-16 01:53:32
30620,0,2025-03-16 01:53:32,2025-03-16 01:53:42
30621,0,2025-03-16 01:53:42,2025-03-16 01:53:52
30622,0,2025-03-16 01:53:52,2025-03-16 01:54:02
30623,0,2025-03-16 01:54:02,2025-03-16 01:54:12
30624,0,2025-03-16 01:54:12,2025-03-16 01:54:22
30625,0,2025-03-16 01:54:23,2025-03-16 01:54:33
30626,0,2025-03-16 01:54:33,2025-03-16 01:54:43
30627,0,2025-03-16 01:54:43,2025-03-16 01:54:53
30628,0,2025-03-16 01:54:53,2025-03-16 01:55:03
30629,0,2025-03-16 01:55:03,2025-03-16 01:55:13
30630,0,2025-03-16 01:55:13,2025-03-16 01:55:23
30631,0,2025-03-16 01:55:24,2025-03-16 01:55:34
30632,0,2025-03-16 01:55:34,2025-03-16 01:55:44
30633,0,2025-03-16 01:55:44,2025-03-16 01:55:54
30634,0,2025-03-16 01:55:54,2025-03-16 01:56:04
30635,0,2025-03-16 01:56:04,2025-03-16 01:56:14
30636,0,2025-03-16 01:56:14,2025-03-16 01:56:24
30637,0,2025-03-16 01:56:24,2025-03-16 01:56:34
30638,0,2025-03-16 01:56:34,2025-03-16 01:56:44
30639,0,2025-03-16 01:56:44,2025-03-16 01:56:54
30640,0,2025-03-16 01:56:54,2025-03-16 01:57:04
30641,0,2025-03-16 01:57:04,2025-03-16 01:57:14
30642,0,2025-03-16 01:57:14,2025-03-16 01:57:24
30643,0,2025-03-16 01:57:25,2025-03-16 01:57:35
30644,0,2025-03-16 01:57:35,2025-03-16 01:57:45
30645,0,2025-03-16 01:57:45,2025-03-16 01:57:55
30646,0,2025-03-16 01:57:55,2025-03-16 01:58:05
30647,0,2025-03-16 01:58:05,2025-03-16 01:58:15
30648,0,2025-03-16 01:58:15,2025-03-16 01:58:25
30649,0,2025-03-16 01:58:26,2025-03-16 01:58:36
30650,0,2025-03-16 01:58:36,2025-03-16 01:58:46
30651,0,2025-03-16 01:58:46,2025-03-16 01:58:56
30652,0,2025-03-16 01:58:56,2025-03-16 01:59:06
30653,0,2025-03-16 01:59:06,2025-03-16 01:59:16
30654,0,2025-03-16 01:59:16,2025-03-16 01:59:26
30655,0,2025-03-16 01:59:27,2025-03-16 01:59:37
30656,0,2025-03-16 01:59:37,2025-03-16 01:59:47
30657,0,2025-03-16 01:59:47,2025-03-16 01:59:57
30658,0,2025-03-16 01:59:57,2025-03-16 02:00:07
30659,0,2025-03-16 02:00:07,2025-03-16 02:00:17
30660,0,2025-03-16 02:00:17,2025-03-16 02:00:27
30661,0,2025-03-16 02:00:27,2025-03-16 02:00:37
30662,0,2025-03-16 02:00:37,2025-03-16 02:00:47
30663,0,2025-03-16 02:00:47,2025-03-16 02:00:57
30664,0,2025-03-16 02:00:57,2025-03-16 02:01:07
30665,0,2025-03-16 02:01:07,2025-03-16 02:01:17
30666,0,2025-03-16 02:01:17,2025-03-16 02:01:27
30667,0,2025-03-16 02:02:01,2025-03-16 02:02:11
30668,0,2025-03-16 02:02:11,2025-03-16 02:02:21
30669,0,2025-03-16 02:02:21,2025-03-16 02:02:31
30670,0,2025-03-16 02:02:31,2025-03-16 02:02:41
30671,0,2025-03-16 02:02:41,2025-03-16 02:02:51
30672,0,2025-03-16 02:02:51,2025-03-16 02:03:01
30673,0,2025-03-16 02:03:01,2025-03-16 02:03:11
30674,0,2025-03-16 02:03:11,2025-03-16 02:03:21
30675,0,2025-03-16 02:03:21,2025-03-16 02:03:31
30676,0,2025-03-16 02:03:31,2025-03-16 02:03:41
30677,0,2025-03-16 02:03:41,2025-03-16 02:03:51
30678,0,2025-03-16 02:03:51,2025-03-16 02:04:01
30679,0,2025-03-16 02:04:02,2025-03-16 02:04:12
30680,0,2025-03-16 02:04:12,2025-03-16 02:04:22
30681,0,2025-03-16 02:04:22,2025-03-16 02:04:32
30682,0,2025-03-16 02:04:32,2025-03-16 02:04:42
30683,0,2025-03-16 02:04:42,2025-03-16 02:04:52
30684,0,2025-03-16 02:04:52,2025-03-16 02:05:02
30685,0,2025-03-16 02:05:03,2025-03-16 02:05:13
30686,0,2025-03-16 02:05:13,2025-03-16 02:05:23
30687,0,2025-03-16 02:05:23,2025-03-16 02:05:33
30688,0,2025-03-16 02:05:33,2025-03-16 02:05:43
30689,0,2025-03-16 02:05:43,2025-03-16 02:05:53
30690,0,2025-03-16 02:05:53,2025-03-16 02:06:03
30691,0,2025-03-16 02:06:04,2025-03-16 02:06:14
30692,0,2025-03-16 02:06:14,2025-03-16 02:06:24
30693,0,2025-03-16 02:06:24,2025-03-16 02:06:34
30694,0,2025-03-16 02:06:34,2025-03-16 02:06:44
30695,0,2025-03-16 02:06:44,2025-03-16 02:06:54
30696,0,2025-03-16 02:06:54,2025-03-16 02:07:04
30697,0,2025-03-16 02:07:04,2025-03-16 02:07:14
30698,0,2025-03-16 02:07:14,2025-03-16 02:07:24
30699,0,2025-03-16 02:07:24,2025-03-16 02:07:34
30700,0,2025-03-16 02:07:34,2025-03-16 02:07:44
30701,0,2025-03-16 02:07:44,2025-03-16 02:07:54
30702,0,2025-03-16 02:07:54,2025-03-16 02:08:04
30703,0,2025-03-16 02:08:05,2025-03-16 02:08:15
30704,0,2025-03-16 02:08:15,2025-03-16 02:08:25
30705,0,2025-03-16 02:08:25,2025-03-16 02:08:35
30706,0,2025-03-16 02:08:35,2025-03-16 02:08:45
30707,0,2025-03-16 02:08:45,2025-03-16 02:08:55
30708,0,2025-03-16 02:08:55,2025-03-16 02:09:05
30709,0,2025-03-16 02:09:06,2025-03-16 02:09:16
30710,0,2025-03-16 02:09:16,2025-03-16 02:09:26
30711,0,2025-03-16 02:09:26,2025-03-16 02:09:36
30712,0,2025-03-16 02:09:36,2025-03-16 02:09:46
30713,0,2025-03-16 02:09:46,2025-03-16 02:09:56
30714,0,2025-03-16 02:09:56,2025-03-16 02:10:06
30715,0,2025-03-16 02:10:06,2025-03-16 02:10:16
30716,0,2025-03-16 02:10:16,2025-03-16 02:10:26
30717,0,2025-03-16 02:10:26,2025-03-16 02:10:36
30718,0,2025-03-16 02:10:36,2025-03-16 02:10:46
30719,0,2025-03-16 02:10:46,2025-03-16 02:10:56
30720,0,2025-03-16 02:10:56,2025-03-16 02:11:06
30721,0,2025-03-16 02:11:07,2025-03-16 02:11:17
30722,0,2025-03-16 02:11:17,2025-03-16 02:11:27
30723,0,2025-03-16 02:11:27,2025-03-16 02:11:37
30724,0,2025-03-16 02:11:37,2025-03-16 02:11:47
30725,0,2025-03-16 02:11:47,2025-03-16 02:11:57
30726,0,2025-03-16 02:11:57,2025-03-16 02:12:07
30727,0,2025-03-16 02:12:39,2025-03-16 02:12:49
30728,0,2025-03-16 02:12:49,2025-03-16 02:12:59
30729,0,2025-03-16 02:12:59,2025-03-16 02:13:09
30730,0,2025-03-16 02:13:09,2025-03-16 02:13:19
30731,0,2025-03-16 02:13:19,2025-03-16 02:13:29
30732,0,2025-03-16 02:13:29,2025-03-16 02:13:39
30733,0,2025-03-16 02:13:40,2025-03-16 02:13:50
30734,0,2025-03-16 02:13:50,2025-03-16 02:14:00
30735,0,2025-03-16 02:14:00,2025-03-16 02:14:10
30736,0,2025-03-16 02:14:10,2025-03-16 02:14:20
30737,0,2025-03-16 02:14:20,2025-03-16 02:14:30
30738,0,2025-03-16 02:14:30,2025-03-16 02:14:40
30739,0,2025-03-16 02:14:41,2025-03-16 02:14:51
30740,0,2025-03-16 02:14:51,2025-03-16 02:15:01
30741,0,2025-03-16 02:15:01,2025-03-16 02:15:11
30742,0,2025-03-16 02:15:11,2025-03-16 02:15:21
30743,0,2025-03-16 02:15:21,2025-03-16 02:15:31
30744,0,2025-03-16 02:15:31,2025-03-16 02:15:41
30745,0,2025-03-16 02:15:42,2025-03-16 02:15:52
30746,0,2025-03-16 02:15:52,2025-03-16 02:16:02
30747,0,2025-03-16 02:16:02,2025-03-16 02:16:12
30748,0,2025-03-16 02:16:12,2025-03-16 02:16:22
30749,0,2025-03-16 02:16:22,2025-03-16 02:16:32
30750,0,2025-03-16 02:16:32,2025-03-16 02:16:42
30751,0,2025-03-16 02:16:42,2025-03-16 02:16:52
30752,1,2025-03-16 02:16:52,2025-03-16 02:17:02
30753,1,2025-03-16 02:17:02,2025-03-16 02:17:12
30754,1,2025-03-16 02:17:12,2025-03-16 02:17:22
30755,1,2025-03-16 02:17:22,2025-03-16 02:17:32
30756,1,2025-03-16 02:17:32,2025-03-16 02:17:42
30757,1,2025-03-16 02:17:43,2025-03-16 02:17:53
30758,1,2025-03-16 02:17:53,2025-03-16 02:18:03
30759,1,2025-03-16 02:18:03,2025-03-16 02:18:13
30760,1,2025-03-16 02:18:13,2025-03-16 02:18:23
30761,1,2025-03-16 02:18:23,2025-03-16 02:18:33
30762,1,2025-03-16 02:18:33,2025-03-16 02:18:43
30763,1,2025-03-16 02:18:44,2025-03-16 02:18:54
30764,1,2025-03-16 02:18:54,2025-03-16 02:19:04
30765,1,2025-03-16 02:19:04,2025-03-16 02:19:14
30766,1,2025-03-16 02:19:14,2025-03-16 02:19:24
30767,1,2025-03-16 02:19:24,2025-03-16 02:19:34
30768,1,2025-03-16 02:19:34,2025-03-16 02:19:44
30769,1,2025-03-16 02:19:45,2025-03-16 02:19:55
30770,1,2025-03-16 02:19:55,2025-03-16 02:20:05
30771,1,2025-03-16 02:20:05,2025-03-16 02:20:15
30772,1,2025-03-16 02:20:15,2025-03-16 02:20:25
30773,1,2025-03-16 02:20:25,2025-03-16 02:20:35
30774,1,2025-03-16 02:20:35,2025-03-16 02:20:45
30775,1,2025-03-16 02:20:45,2025-03-16 02:20:55
30776,1,2025-03-16 02:20:55,2025-03-16 02:21:05
30777,1,2025-03-16 02:21:05,2025-03-16 02:21:15
30778,1,2025-03-16 02:21:15,2025-03-16 02:21:25
30779,1,2025-03-16 02:21:25,2025-03-16 02:21:35
30780,1,2025-03-16 02:21:35,2025-03-16 02:21:45
30781,1,2025-03-16 02:21:46,2025-03-16 02:21:56
30782,1,2025-03-16 02:21:56,2025-03-16 02:22:06
30783,1,2025-03-16 02:22:06,2025-03-16 02:22:16
30784,1,2025-03-16 02:22:16,2025-03-16 02:22:26
30785,1,2025-03-16 02:22:26,2025-03-16 02:22:36
30786,1,2025-03-16 02:22:36,2025-03-16 02:22:46
30787,1,2025-03-16 02:23:39,2025-03-16 02:23:49
30788,1,2025-03-16 02:23:49,2025-03-16 02:23:59
30789,1,2025-03-16 02:23:59,2025-03-16 02:24:09
30790,1,2025-03-16 02:24:09,2025-03-16 02:24:19
30791,1,2025-03-16 02:24:19,2025-03-16 02:24:29
30792,1,2025-03-16 02:24:29,2025-03-16 02:24:39
30793,1,2025-03-16 02:24:40,2025-03-16 02:24:50
30794,1,2025-03-16 02:24:50,2025-03-16 02:25:00
30795,1,2025-03-16 02:25:00,2025-03-16 02:25:10
30796,1,2025-03-16 02:25:10,2025-03-16 02:25:20
30797,1,2025-03-16 02:25:20,2025-03-16 02:25:30
30798,1,2025-03-16 02:25:30,2025-03-16 02:25:40
30799,1,2025-03-16 02:25:40,2025-03-16 02:25:50
30800,1,2025-03-16 02:25:50,2025-03-16 02:26:00
30801,1,2025-03-16 02:26:00,2025-03-16 02:26:10
30802,1,2025-03-16 02:26:10,2025-03-16 02:26:20
30803,1,2025-03-16 02:26:20,2025-03-16 02:26:30
30804,1,2025-03-16 02:26:30,2025-03-16 02:26:40
30805,1,2025-03-16 02:26:41,2025-03-16 02:26:51
30806,1,2025-03-16 02:26:51,2025-03-16 02:27:01
30807,1,2025-03-16 02:27:01,2025-03-16 02:27:11
30808,1,2025-03-16 02:27:11,2025-03-16 02:27:21
30809,1,2025-03-16 02:27:21,2025-03-16 02:27:31
30810,1,2025-03-16 02:27:31,2025-03-16 02:27:41
30811,1,2025-03-16 02:27:42,2025-03-16 02:27:52
30812,1,2025-03-16 02:27:52,2025-03-16 02:28:02
30813,1,2025-03-16 02:28:02,2025-03-16 02:28:12
30814,1,2025-03-16 02:28:12,2025-03-16 02:28:22
30815,1,2025-03-16 02:28:22,2025-03-16 02:28:32
30816,1,2025-03-16 02:28:32,2025-03-16 02:28:42
30817,1,2025-03-16 02:28:43,2025-03-16 02:28:53
30818,1,2025-03-16 02:28:53,2025-03-16 02:29:03
30819,1,2025-03-16 02:29:03,2025-03-16 02:29:13
30820,1,2025-03-16 02:29:13,2025-03-16 02:29:23
30821,1,2025-03-16 02:29:23,2025-03-16 02:29:33
30822,1,2025-03-16 02:29:33,2025-03-16 02:29:43
30823,1,2025-03-16 02:29:44,2025-03-16 02:29:54
30824,1,2025-03-16 02:29:54,2025-03-16 02:30:04
30825,1,2025-03-16 02:30:04,2025-03-16 02:30:14
30826,1,2025-03-16 02:30:14,2025-03-16 02:30:24
30827,1,2025-03-16 02:30:24,2025-03-16 02:30:34
30828,1,2025-03-16 02:30:34,2025-03-16 02:30:44
30829,1,2025-03-16 02:30:44,2025-03-16 02:30:54
30830,1,2025-03-16 02:30:54,2025-03-16 02:31:04
30831,1,2025-03-16 02:31:04,2025-03-16 02:31:14
30832,1,2025-03-16 02:31:14,2025-03-16 02:31:24
30833,1,2025-03-16 02:31:24,2025-03-16 02:31:34
30834,1,2025-03-16 02:31:34,2025-03-16 02:31:44
30835,1,2025-03-16 02:31:45,2025-03-16 02:31:55
30836,1,2025-03-16 02:31:55,2025-03-16 02:32:05
30837,1,2025-03-16 02:32:05,2025-03-16 02:32:15
30838,1,2025-03-16 02:32:15,2025-03-16 02:32:25
30839,1,2025-03-16 02:32:25,2025-03-16 02:32:35
30840,1,2025-03-16 02:32:35,2025-03-16 02:32:45
30841,1,2025-03-16 02:32:46,2025-03-16 02:32:56
30842,1,2025-03-16 02:32:56,2025-03-16 02:33:06
30843,1,2025-03-16 02:33:06,2025-03-16 02:33:16
30844,1,2025-03-16 02:33:16,2025-03-16 02:33:26
30845,0,2025-03-16 02:33:26,2025-03-16 02:33:36
30846,0,2025-03-16 02:33:36,2025-03-16 02:33:46
30847,0,2025-03-16 02:34:18,2025-03-16 02:34:28
30848,0,2025-03-16 02:34:28,2025-03-16 02:34:38
30849,0,2025-03-16 02:34:38,2025-03-16 02:34:48
30850,0,2025-03-16 02:34:48,2025-03-16 02:34:58
30851,0,2025-03-16 02:34:58,2025-03-16 02:35:08
30852,0,2025-03-16 02:35:08,2025-03-16 02:35:18
30853,0,2025-03-16 02:35:18,2025-03-16 02:35:28
30854,0,2025-03-16 02:35:28,2025-03-16 02:35:38
30855,0,2025-03-16 02:35:38,2025-03-16 02:35:48
30856,0,2025-03-16 02:35:48,2025-03-16 02:35:58
30857,1,2025-03-16 02:35:58,2025-03-16 02:36:08
30858,1,2025-03-16 02:36:08,2025-03-16 02:36:18
30859,1,2025-03-16 02:36:19,2025-03-16 02:36:29
30860,1,2025-03-16 02:36:29,2025-03-16 02:36:39
30861,1,2025-03-16 02:36:39,2025-03-16 02:36:49
30862,1,2025-03-16 02:36:49,2025-03-16 02:36:59
30863,1,2025-03-16 02:36:59,2025-03-16 02:37:09
30864,1,2025-03-16 02:37:09,2025-03-16 02:37:19
30865,1,2025-03-16 02:37:20,2025-03-16 02:37:30
30866,1,2025-03-16 02:37:30,2025-03-16 02:37:40
30867,1,2025-03-16 02:37:40,2025-03-16 02:37:50
30868,1,2025-03-16 02:37:50,2025-03-16 02:38:00
30869,1,2025-03-16 02:38:00,2025-03-16 02:38:10
30870,1,2025-03-16 02:38:10,2025-03-16 02:38:20
30871,1,2025-03-16 02:38:21,2025-03-16 02:38:31
30872,1,2025-03-16 02:38:31,2025-03-16 02:38:41
30873,1,2025-03-16 02:38:41,2025-03-16 02:38:51
30874,1,2025-03-16 02:38:51,2025-03-16 02:39:01
30875,1,2025-03-16 02:39:01,2025-03-16 02:39:11
30876,1,2025-03-16 02:39:11,2025-03-16 02:39:21
30877,1,2025-03-16 02:39:21,2025-03-16 02:39:31
30878,1,2025-03-16 02:39:31,2025-03-16 02:39:41
30879,1,2025-03-16 02:39:41,2025-03-16 02:39:51
30880,1,2025-03-16 02:39:51,2025-03-16 02:40:01
30881,1,2025-03-16 02:40:01,2025-03-16 02:40:11
30882,1,2025-03-16 02:40:11,2025-03-16 02:40:21
30883,1,2025-03-16 02:40:22,2025-03-16 02:40:32
30884,1,2025-03-16 02:40:32,2025-03-16 02:40:42
30885,1,2025-03-16 02:40:42,2025-03-16 02:40:52
30886,1,2025-03-16 02:40:52,2025-03-16 02:41:02
30887,1,2025-03-16 02:41:02,2025-03-16 02:41:12
30888,1,2025-03-16 02:41:12,2025-03-16 02:41:22
30889,1,2025-03-16 02:41:23,2025-03-16 02:41:33
30890,1,2025-03-16 02:41:33,2025-03-16 02:41:43
30891,1,2025-03-16 02:41:43,2025-03-16 02:41:53
30892,1,2025-03-16 02:41:53,2025-03-16 02:42:03
30893,1,2025-03-16 02:42:03,2025-03-16 02:42:13
30894,1,2025-03-16 02:42:13,2025-03-16 02:42:23
30895,1,2025-03-16 02:42:24,2025-03-16 02:42:34
30896,1,2025-03-16 02:42:34,2025-03-16 02:42:44
30897,1,2025-03-16 02:42:44,2025-03-16 02:42:54
30898,1,2025-03-16 02:42:54,2025-03-16 02:43:04
30899,1,2025-03-16 02:43:04,2025-03-16 02:43:14
30900,1,2025-03-16 02:43:14,2025-03-16 02:43:24
30901,1,2025-03-16 02:43:24,2025-03-16 02:43:34
30902,1,2025-03-16 02:43:34,2025-03-16 02:43:44
30903,1,2025-03-16 02:43:44,2025-03-16 02:43:54
30904,1,2025-03-16 02:43:54,2025-03-16 02:44:04
30905,1,2025-03-16 02:44:04,2025-03-16 02:44:14
30906,1,2025-03-16 02:44:14,2025-03-16 02:44:24
30907,1,2025-03-16 02:44:51,2025-03-16 02:45:01
30908,1,2025-03-16 02:45:01,2025-03-16 02:45:11
30909,1,2025-03-16 02:45:11,2025-03-16 02:45:21
30910,1,2025-03-16 02:45:21,2025-03-16 02:45:31
30911,1,2025-03-16 02:45:31,2025-03-16 02:45:41
30912,1,2025-03-16 02:45:41,2025-03-16 02:45:51
30913,1,2025-03-16 02:45:52,2025-03-16 02:46:02
30914,1,2025-03-16 02:46:02,2025-03-16 02:46:12
30915,1,2025-03-16 02:46:12,2025-03-16 02:46:22
30916,1,2025-03-16 02:46:22,2025-03-16 02:46:32
30917,1,2025-03-16 02:46:32,2025-03-16 02:46:42
30918,1,2025-03-16 02:46:42,2025-03-16 02:46:52
30919,1,2025-03-16 02:46:53,2025-03-16 02:47:03
30920,1,2025-03-16 02:47:03,2025-03-16 02:47:13
30921,1,2025-03-16 02:47:13,2025-03-16 02:47:23
30922,1,2025-03-16 02:47:23,2025-03-16 02:47:33
30923,1,2025-03-16 02:47:33,2025-03-16 02:47:43
30924,1,2025-03-16 02:47:43,2025-03-16 02:47:53
30925,1,2025-03-16 02:47:53,2025-03-16 02:48:03
30926,1,2025-03-16 02:48:03,2025-03-16 02:48:13
30927,1,2025-03-16 02:48:13,2025-03-16 02:48:23
30928,1,2025-03-16 02:48:23,2025-03-16 02:48:33
30929,1,2025-03-16 02:48:33,2025-03-16 02:48:43
30930,1,2025-03-16 02:48:43,2025-03-16 02:48:53
30931,1,2025-03-16 02:48:54,2025-03-16 02:49:04
30932,1,2025-03-16 02:49:04,2025-03-16 02:49:14
30933,1,2025-03-16 02:49:14,2025-03-16 02:49:24
30934,1,2025-03-16 02:49:24,2025-03-16 02:49:34
30935,1,2025-03-16 02:49:34,2025-03-16 02:49:44
30936,1,2025-03-16 02:49:44,2025-03-16 02:49:54
30937,1,2025-03-16 02:49:55,2025-03-16 02:50:05
30938,1,2025-03-16 02:50:05,2025-03-16 02:50:15
30939,1,2025-03-16 02:50:15,2025-03-16 02:50:25
30940,1,2025-03-16 02:50:25,2025-03-16 02:50:35
30941,1,2025-03-16 02:50:35,2025-03-16 02:50:45
30942,0,2025-03-16 02:50:45,2025-03-16 02:50:55
30943,0,2025-03-16 02:50:56,2025-03-16 02:51:06
30944,0,2025-03-16 02:51:06,2025-03-16 02:51:16
30945,0,2025-03-16 02:51:16,2025-03-16 02:51:26
30946,0,2025-03-16 02:51:26,2025-03-16 02:51:36
30947,0,2025-03-16 02:51:36,2025-03-16 02:51:46
30948,0,2025-03-16 02:51:46,2025-03-16 02:51:56
30949,0,2025-03-16 02:51:56,2025-03-16 02:52:06
30950,0,2025-03-16 02:52:06,2025-03-16 02:52:16
30951,0,2025-03-16 02:52:16,2025-03-16 02:52:26
30952,0,2025-03-16 02:52:26,2025-03-16 02:52:36
30953,0,2025-03-16 02:52:36,2025-03-16 02:52:46
30954,0,2025-03-16 02:52:46,2025-03-16 02:52:56
30955,0,2025-03-16 02:52:57,2025-03-16 02:53:07
30956,0,2025-03-16 02:53:07,2025-03-16 02:53:17
30957,0,2025-03-16 02:53:17,2025-03-16 02:53:27
30958,0,2025-03-16 02:53:27,2025-03-16 02:53:37
30959,0,2025-03-16 02:53:37,2025-03-16 02:53:47
30960,0,2025-03-16 02:53:47,2025-03-16 02:53:57
30961,0,2025-03-16 02:53:58,2025-03-16 02:54:08
30962,0,2025-03-16 02:54:08,2025-03-16 02:54:18
30963,0,2025-03-16 02:54:18,2025-03-16 02:54:28
30964,0,2025-03-16 02:54:28,2025-03-16 02:54:38
30965,0,2025-03-16 02:54:38,2025-03-16 02:54:48
30966,0,2025-03-16 02:54:48,2025-03-16 02:54:58
30967,0,2025-03-16 02:55:12,2025-03-16 02:55:22
30968,0,2025-03-16 02:55:22,2025-03-16 02:55:32
30969,0,2025-03-16 02:55:32,2025-03-16 02:55:42
30970,0,2025-03-16 02:55:42,2025-03-16 02:55:52
30971,0,2025-03-16 02:55:52,2025-03-16 02:56:02
30972,0,2025-03-16 02:56:02,2025-03-16 02:56:12
30973,0,2025-03-16 02:56:12,2025-03-16 02:56:22
30974,0,2025-03-16 02:56:22,2025-03-16 02:56:32
30975,0,2025-03-16 02:56:32,2025-03-16 02:56:42
30976,0,2025-03-16 02:56:42,2025-03-16 02:56:52
30977,0,2025-03-16 02:56:52,2025-03-16 02:57:02
30978,0,2025-03-16 02:57:02,2025-03-16 02:57:12
30979,0,2025-03-16 02:57:13,2025-03-16 02:57:23
30980,0,2025-03-16 02:57:23,2025-03-16 02:57:33
30981,0,2025-03-16 02:57:33,2025-03-16 02:57:43
30982,0,2025-03-16 02:57:43,2025-03-16 02:57:53
30983,0,2025-03-16 02:57:53,2025-03-16 02:58:03
30984,0,2025-03-16 02:58:03,2025-03-16 02:58:13
30985,0,2025-03-16 02:58:14,2025-03-16 02:58:24
30986,0,2025-03-16 02:58:24,2025-03-16 02:58:34
30987,0,2025-03-16 02:58:34,2025-03-16 02:58:44
30988,0,2025-03-16 02:58:44,2025-03-16 02:58:54
30989,0,2025-03-16 02:58:54,2025-03-16 02:59:04
30990,0,2025-03-16 02:59:04,2025-03-16 02:59:14
30991,0,2025-03-16 02:59:14,2025-03-16 02:59:24
30992,0,2025-03-16 02:59:24,2025-03-16 02:59:34
30993,0,2025-03-16 02:59:34,2025-03-16 02:59:44
30994,0,2025-03-16 02:59:44,2025-03-16 02:59:54
30995,0,2025-03-16 02:59:54,2025-03-16 03:00:04
30996,0,2025-03-16 03:00:04,2025-03-16 03:00:14
30997,0,2025-03-16 03:00:15,2025-03-16 03:00:25
30998,0,2025-03-16 03:00:25,2025-03-16 03:00:35
30999,0,2025-03-16 03:00:35,2025-03-16 03:00:45
31000,0,2025-03-16 03:00:45,2025-03-16 03:00:55
31001,0,2025-03-16 03:00:55,2025-03-16 03:01:05
31002,0,2025-03-16 03:01:05,2025-03-16 03:01:15
31003,0,2025-03-16 03:01:16,2025-03-16 03:01:26
31004,0,2025-03-16 03:01:26,2025-03-16 03:01:36
31005,0,2025-03-16 03:01:36,2025-03-16 03:01:46
31006,0,2025-03-16 03:01:46,2025-03-16 03:01:56
31007,0,2025-03-16 03:01:56,2025-03-16 03:02:06
31008,0,2025-03-16 03:02:06,2025-03-16 03:02:16
31009,0,2025-03-16 03:02:17,2025-03-16 03:02:27
31010,0,2025-03-16 03:02:27,2025-03-16 03:02:37
31011,0,2025-03-16 03:02:37,2025-03-16 03:02:47
31012,0,2025-03-16 03:02:47,2025-03-16 03:02:57
31013,0,2025-03-16 03:02:57,2025-03-16 03:03:07
31014,0,2025-03-16 03:03:07,2025-03-16 03:03:17
31015,0,2025-03-16 03:03:17,2025-03-16 03:03:27
31016,0,2025-03-16 03:03:27,2025-03-16 03:03:37
31017,0,2025-03-16 03:03:37,2025-03-16 03:03:47
31018,0,2025-03-16 03:03:47,2025-03-16 03:03:57
31019,0,2025-03-16 03:03:57,2025-03-16 03:04:07
31020,0,2025-03-16 03:04:07,2025-03-16 03:04:17
31021,0,2025-03-16 03:04:18,2025-03-16 03:04:28
31022,0,2025-03-16 03:04:28,2025-03-16 03:04:38
31023,0,2025-03-16 03:04:38,2025-03-16 03:04:48
31024,0,2025-03-16 03:04:48,2025-03-16 03:04:58
31025,0,2025-03-16 03:04:58,2025-03-16 03:05:08
31026,0,2025-03-16 03:05:08,2025-03-16 03:05:18
31027,0,2025-03-16 03:05:48,2025-03-16 03:05:58
31028,0,2025-03-16 03:05:58,2025-03-16 03:06:08
31029,0,2025-03-16 03:06:08,2025-03-16 03:06:18
31030,0,2025-03-16 03:06:18,2025-03-16 03:06:28
31031,0,2025-03-16 03:06:28,2025-03-16 03:06:38
31032,0,2025-03-16 03:06:38,2025-03-16 03:06:48
31033,0,2025-03-16 03:06:49,2025-03-16 03:06:59
31034,0,2025-03-16 03:06:59,2025-03-16 03:07:09
31035,0,2025-03-16 03:07:09,2025-03-16 03:07:19
31036,0,2025-03-16 03:07:19,2025-03-16 03:07:29
31037,0,2025-03-16 03:07:29,2025-03-16 03:07:39
31038,0,2025-03-16 03:07:39,2025-03-16 03:07:49
31039,0,2025-03-16 03:07:50,2025-03-16 03:08:00
31040,0,2025-03-16 03:08:00,2025-03-16 03:08:10
31041,0,2025-03-16 03:08:10,2025-03-16 03:08:20
31042,0,2025-03-16 03:08:20,2025-03-16 03:08:30
31043,0,2025-03-16 03:08:30,2025-03-16 03:08:40
31044,0,2025-03-16 03:08:40,2025-03-16 03:08:50
31045,0,2025-03-16 03:08:50,2025-03-16 03:09:00
31046,0,2025-03-16 03:09:00,2025-03-16 03:09:10
31047,0,2025-03-16 03:09:10,2025-03-16 03:09:20
31048,0,2025-03-16 03:09:20,2025-03-16 03:09:30
31049,0,2025-03-16 03:09:30,2025-03-16 03:09:40
31050,0,2025-03-16 03:09:40,2025-03-16 03:09:50
31051,0,2025-03-16 03:09:51,2025-03-16 03:10:01
31052,0,2025-03-16 03:10:01,2025-03-16 03:10:11
31053,0,2025-03-16 03:10:11,2025-03-16 03:10:21
31054,0,2025-03-16 03:10:21,2025-03-16 03:10:31
31055,0,2025-03-16 03:10:31,2025-03-16 03:10:41
31056,0,2025-03-16 03:10:41,2025-03-16 03:10:51
31057,0,2025-03-16 03:10:52,2025-03-16 03:11:02
31058,0,2025-03-16 03:11:02,2025-03-16 03:11:12
31059,0,2025-03-16 03:11:12,2025-03-16 03:11:22
31060,0,2025-03-16 03:11:22,2025-03-16 03:11:32
31061,0,2025-03-16 03:11:32,2025-03-16 03:11:42
31062,0,2025-03-16 03:11:42,2025-03-16 03:11:52
31063,0,2025-03-16 03:11:53,2025-03-16 03:12:03
31064,0,2025-03-16 03:12:03,2025-03-16 03:12:13
31065,0,2025-03-16 03:12:13,2025-03-16 03:12:23
31066,0,2025-03-16 03:12:23,2025-03-16 03:12:33
31067,0,2025-03-16 03:12:33,2025-03-16 03:12:43
31068,0,2025-03-16 03:12:43,2025-03-16 03:12:53
31069,0,2025-03-16 03:12:53,2025-03-16 03:13:03
31070,0,2025-03-16 03:13:03,2025-03-16 03:13:13
31071,0,2025-03-16 03:13:13,2025-03-16 03:13:23
31072,0,2025-03-16 03:13:23,2025-03-16 03:13:33
31073,0,2025-03-16 03:13:33,2025-03-16 03:13:43
31074,0,2025-03-16 03:13:43,2025-03-16 03:13:53
31075,0,2025-03-16 03:13:54,2025-03-16 03:14:04
31076,0,2025-03-16 03:14:04,2025-03-16 03:14:14
31077,0,2025-03-16 03:14:14,2025-03-16 03:14:24
31078,0,2025-03-16 03:14:24,2025-03-16 03:14:34
31079,0,2025-03-16 03:14:34,2025-03-16 03:14:44
31080,0,2025-03-16 03:14:44,2025-03-16 03:14:54
31081,0,2025-03-16 03:14:55,2025-03-16 03:15:05
31082,0,2025-03-16 03:15:05,2025-03-16 03:15:15
31083,0,2025-03-16 03:15:15,2025-03-16 03:15:25
31084,0,2025-03-16 03:15:25,2025-03-16 03:15:35
31085,0,2025-03-16 03:15:35,2025-03-16 03:15:45
31086,0,2025-03-16 03:15:45,2025-03-16 03:15:55
31087,0,2025-03-16 03:16:27,2025-03-16 03:16:37
31088,0,2025-03-16 03:16:37,2025-03-16 03:16:47
31089,0,2025-03-16 03:16:47,2025-03-16 03:16:57
31090,0,2025-03-16 03:16:57,2025-03-16 03:17:07
31091,0,2025-03-16 03:17:07,2025-03-16 03:17:17
31092,0,2025-03-16 03:17:17,2025-03-16 03:17:27
31093,0,2025-03-16 03:17:28,2025-03-16 03:17:38
31094,0,2025-03-16 03:17:38,2025-03-16 03:17:48
31095,0,2025-03-16 03:17:48,2025-03-16 03:17:58
31096,0,2025-03-16 03:17:58,2025-03-16 03:18:08
31097,0,2025-03-16 03:18:08,2025-03-16 03:18:18
31098,0,2025-03-16 03:18:18,2025-03-16 03:18:28
31099,0,2025-03-16 03:18:29,2025-03-16 03:18:39
31100,0,2025-03-16 03:18:39,2025-03-16 03:18:49
31101,0,2025-03-16 03:18:49,2025-03-16 03:18:59
31102,0,2025-03-16 03:18:59,2025-03-16 03:19:09
31103,0,2025-03-16 03:19:09,2025-03-16 03:19:19
31104,0,2025-03-16 03:19:19,2025-03-16 03:19:29
31105,0,2025-03-16 03:19:30,2025-03-16 03:19:40
31106,0,2025-03-16 03:19:40,2025-03-16 03:19:50
31107,0,2025-03-16 03:19:50,2025-03-16 03:20:00
31108,0,2025-03-16 03:20:00,2025-03-16 03:20:10
31109,0,2025-03-16 03:20:10,2025-03-16 03:20:20
31110,0,2025-03-16 03:20:20,2025-03-16 03:20:30
31111,0,2025-03-16 03:20:30,2025-03-16 03:20:40
31112,0,2025-03-16 03:20:40,2025-03-16 03:20:50
31113,0,2025-03-16 03:20:50,2025-03-16 03:21:00
31114,0,2025-03-16 03:21:00,2025-03-16 03:21:10
31115,0,2025-03-16 03:21:10,2025-03-16 03:21:20
31116,0,2025-03-16 03:21:20,2025-03-16 03:21:30
31117,0,2025-03-16 03:21:31,2025-03-16 03:21:41
31118,0,2025-03-16 03:21:41,2025-03-16 03:21:51
31119,0,2025-03-16 03:21:51,2025-03-16 03:22:01
31120,0,2025-03-16 03:22:01,2025-03-16 03:22:11
31121,0,2025-03-16 03:22:11,2025-03-16 03:22:21
31122,0,2025-03-16 03:22:21,2025-03-16 03:22:31
31123,0,2025-03-16 03:22:32,2025-03-16 03:22:42
31124,0,2025-03-16 03:22:42,2025-03-16 03:22:52
31125,0,2025-03-16 03:22:52,2025-03-16 03:23:02
31126,0,2025-03-16 03:23:02,2025-03-16 03:23:12
31127,0,2025-03-16 03:23:12,2025-03-16 03:23:22
31128,0,2025-03-16 03:23:22,2025-03-16 03:23:32
31129,0,2025-03-16 03:23:33,2025-03-16 03:23:43
31130,0,2025-03-16 03:23:43,2025-03-16 03:23:53
31131,0,2025-03-16 03:23:53,2025-03-16 03:24:03
31132,1,2025-03-16 03:24:03,2025-03-16 03:24:13
31133,1,2025-03-16 03:24:13,2025-03-16 03:24:23
31134,1,2025-03-16 03:24:23,2025-03-16 03:24:33
31135,1,2025-03-16 03:24:33,2025-03-16 03:24:43
31136,1,2025-03-16 03:24:43,2025-03-16 03:24:53
31137,1,2025-03-16 03:24:53,2025-03-16 03:25:03
31138,1,2025-03-16 03:25:03,2025-03-16 03:25:13
31139,1,2025-03-16 03:25:13,2025-03-16 03:25:23
31140,1,2025-03-16 03:25:23,2025-03-16 03:25:33
31141,1,2025-03-16 03:25:34,2025-03-16 03:25:44
31142,0,2025-03-16 03:25:44,2025-03-16 03:25:54
31143,0,2025-03-16 03:25:54,2025-03-16 03:26:04
31144,0,2025-03-16 03:26:04,2025-03-16 03:26:14
31145,0,2025-03-16 03:26:14,2025-03-16 03:26:24
31146,0,2025-03-16 03:26:24,2025-03-16 03:26:34
31147,0,2025-03-16 03:27:05,2025-03-16 03:27:15
31148,0,2025-03-16 03:27:15,2025-03-16 03:27:25
31149,0,2025-03-16 03:27:25,2025-03-16 03:27:35
31150,0,2025-03-16 03:27:35,2025-03-16 03:27:45
31151,0,2025-03-16 03:27:45,2025-03-16 03:27:55
31152,0,2025-03-16 03:27:55,2025-03-16 03:28:05
31153,0,2025-03-16 03:28:06,2025-03-16 03:28:16
31154,0,2025-03-16 03:28:16,2025-03-16 03:28:26
31155,0,2025-03-16 03:28:26,2025-03-16 03:28:36
31156,0,2025-03-16 03:28:36,2025-03-16 03:28:46
31157,0,2025-03-16 03:28:46,2025-03-16 03:28:56
31158,0,2025-03-16 03:28:56,2025-03-16 03:29:06
31159,0,2025-03-16 03:29:07,2025-03-16 03:29:17
31160,0,2025-03-16 03:29:17,2025-03-16 03:29:27
31161,0,2025-03-16 03:29:27,2025-03-16 03:29:37
31162,0,2025-03-16 03:29:37,2025-03-16 03:29:47
31163,0,2025-03-16 03:29:47,2025-03-16 03:29:57
31164,0,2025-03-16 03:29:57,2025-03-16 03:30:07
31165,0,2025-03-16 03:30:08,2025-03-16 03:30:18
31166,0,2025-03-16 03:30:18,2025-03-16 03:30:28
31167,0,2025-03-16 03:30:28,2025-03-16 03:30:38
31168,0,2025-03-16 03:30:38,2025-03-16 03:30:48
31169,0,2025-03-16 03:30:48,2025-03-16 03:30:58
31170,0,2025-03-16 03:30:58,2025-03-16 03:31:08
31171,0,2025-03-16 03:31:09,2025-03-16 03:31:19
31172,0,2025-03-16 03:31:19,2025-03-16 03:31:29
31173,0,2025-03-16 03:31:29,2025-03-16 03:31:39
31174,0,2025-03-16 03:31:39,2025-03-16 03:31:49
31175,0,2025-03-16 03:31:49,2025-03-16 03:31:59
31176,0,2025-03-16 03:31:59,2025-03-16 03:32:09
31177,0,2025-03-16 03:32:09,2025-03-16 03:32:19
31178,0,2025-03-16 03:32:19,2025-03-16 03:32:29
31179,1,2025-03-16 03:32:29,2025-03-16 03:32:39
31180,1,2025-03-16 03:32:39,2025-03-16 03:32:49
31181,1,2025-03-16 03:32:49,2025-03-16 03:32:59
31182,1,2025-03-16 03:32:59,2025-03-16 03:33:09
31183,1,2025-03-16 03:33:10,2025-03-16 03:33:20
31184,1,2025-03-16 03:33:20,2025-03-16 03:33:30
31185,1,2025-03-16 03:33:30,2025-03-16 03:33:40
31186,1,2025-03-16 03:33:40,2025-03-16 03:33:50
31187,1,2025-03-16 03:33:50,2025-03-16 03:34:00
31188,1,2025-03-16 03:34:00,2025-03-16 03:34:10
31189,1,2025-03-16 03:34:11,2025-03-16 03:34:21
31190,1,2025-03-16 03:34:21,2025-03-16 03:34:31
31191,1,2025-03-16 03:34:31,2025-03-16 03:34:41
31192,1,2025-03-16 03:34:41,2025-03-16 03:34:51
31193,1,2025-03-16 03:34:51,2025-03-16 03:35:01
31194,1,2025-03-16 03:35:01,2025-03-16 03:35:11
31195,1,2025-03-16 03:35:12,2025-03-16 03:35:22
31196,1,2025-03-16 03:35:22,2025-03-16 03:35:32
31197,1,2025-03-16 03:35:32,2025-03-16 03:35:42
31198,1,2025-03-16 03:35:42,2025-03-16 03:35:52
31199,1,2025-03-16 03:35:52,2025-03-16 03:36:02
31200,1,2025-03-16 03:36:02,2025-03-16 03:36:12
31201,1,2025-03-16 03:36:13,2025-03-16 03:36:23
31202,1,2025-03-16 03:36:23,2025-03-16 03:36:33
31203,1,2025-03-16 03:36:33,2025-03-16 03:36:43
31204,1,2025-03-16 03:36:43,2025-03-16 03:36:53
31205,1,2025-03-16 03:36:53,2025-03-16 03:37:03
31206,1,2025-03-16 03:37:03,2025-03-16 03:37:13
31207,1,2025-03-16 03:37:27,2025-03-16 03:37:37
31208,1,2025-03-16 03:37:37,2025-03-16 03:37:47
31209,1,2025-03-16 03:37:47,2025-03-16 03:37:57
31210,1,2025-03-16 03:37:57,2025-03-16 03:38:07
31211,1,2025-03-16 03:38:07,2025-03-16 03:38:17
31212,1,2025-03-16 03:38:17,2025-03-16 03:38:27
31213,1,2025-03-16 03:38:28,2025-03-16 03:38:38
31214,1,2025-03-16 03:38:38,2025-03-16 03:38:48
31215,1,2025-03-16 03:38:48,2025-03-16 03:38:58
31216,1,2025-03-16 03:38:58,2025-03-16 03:39:08
31217,0,2025-03-16 03:39:08,2025-03-16 03:39:18
31218,0,2025-03-16 03:39:18,2025-03-16 03:39:28
31219,0,2025-03-16 03:39:29,2025-03-16 03:39:39
31220,0,2025-03-16 03:39:39,2025-03-16 03:39:49
31221,0,2025-03-16 03:39:49,2025-03-16 03:39:59
31222,0,2025-03-16 03:39:59,2025-03-16 03:40:09
31223,0,2025-03-16 03:40:09,2025-03-16 03:40:19
31224,0,2025-03-16 03:40:19,2025-03-16 03:40:29
31225,0,2025-03-16 03:40:29,2025-03-16 03:40:39
31226,0,2025-03-16 03:40:39,2025-03-16 03:40:49
31227,0,2025-03-16 03:40:49,2025-03-16 03:40:59
31228,0,2025-03-16 03:40:59,2025-03-16 03:41:09
31229,0,2025-03-16 03:41:09,2025-03-16 03:41:19
31230,0,2025-03-16 03:41:19,2025-03-16 03:41:29
31231,0,2025-03-16 03:41:30,2025-03-16 03:41:40
31232,0,2025-03-16 03:41:40,2025-03-16 03:41:50
31233,0,2025-03-16 03:41:50,2025-03-16 03:42:00
31234,0,2025-03-16 03:42:00,2025-03-16 03:42:10
31235,0,2025-03-16 03:42:10,2025-03-16 03:42:20
31236,0,2025-03-16 03:42:20,2025-03-16 03:42:30
31237,0,2025-03-16 03:42:31,2025-03-16 03:42:41
31238,0,2025-03-16 03:42:41,2025-03-16 03:42:51
31239,0,2025-03-16 03:42:51,2025-03-16 03:43:01
31240,0,2025-03-16 03:43:01,2025-03-16 03:43:11
31241,0,2025-03-16 03:43:11,2025-03-16 03:43:21
31242,0,2025-03-16 03:43:21,2025-03-16 03:43:31
31243,0,2025-03-16 03:43:32,2025-03-16 03:43:42
31244,0,2025-03-16 03:43:42,2025-03-16 03:43:52
31245,0,2025-03-16 03:43:52,2025-03-16 03:44:02
31246,0,2025-03-16 03:44:02,2025-03-16 03:44:12
31247,0,2025-03-16 03:44:12,2025-03-16 03:44:22
31248,0,2025-03-16 03:44:22,2025-03-16 03:44:32
31249,0,2025-03-16 03:44:32,2025-03-16 03:44:42
31250,0,2025-03-16 03:44:42,2025-03-16 03:44:52
31251,0,2025-03-16 03:44:52,2025-03-16 03:45:02
31252,0,2025-03-16 03:45:02,2025-03-16 03:45:12
31253,0,2025-03-16 03:45:12,2025-03-16 03:45:22
31254,0,2025-03-16 03:45:22,2025-03-16 03:45:32
31255,0,2025-03-16 03:45:33,2025-03-16 03:45:43
31256,0,2025-03-16 03:45:43,2025-03-16 03:45:53
31257,0,2025-03-16 03:45:53,2025-03-16 03:46:03
31258,0,2025-03-16 03:46:03,2025-03-16 03:46:13
31259,0,2025-03-16 03:46:13,2025-03-16 03:46:23
31260,0,2025-03-16 03:46:23,2025-03-16 03:46:33
31261,0,2025-03-16 03:46:34,2025-03-16 03:46:44
31262,0,2025-03-16 03:46:44,2025-03-16 03:46:54
31263,0,2025-03-16 03:46:54,2025-03-16 03:47:04
31264,0,2025-03-16 03:47:04,2025-03-16 03:47:14
31265,0,2025-03-16 03:47:14,2025-03-16 03:47:24
31266,0,2025-03-16 03:47:24,2025-03-16 03:47:34
31267,0,2025-03-16 03:48:04,2025-03-16 03:48:14
31268,0,2025-03-16 03:48:14,2025-03-16 03:48:24
31269,0,2025-03-16 03:48:24,2025-03-16 03:48:34
31270,0,2025-03-16 03:48:34,2025-03-16 03:48:44
31271,0,2025-03-16 03:48:44,2025-03-16 03:48:54
31272,0,2025-03-16 03:48:54,2025-03-16 03:49:04
31273,0,2025-03-16 03:49:04,2025-03-16 03:49:14
31274,0,2025-03-16 03:49:14,2025-03-16 03:49:24
31275,0,2025-03-16 03:49:24,2025-03-16 03:49:34
31276,0,2025-03-16 03:49:34,2025-03-16 03:49:44
31277,0,2025-03-16 03:49:44,2025-03-16 03:49:54
31278,0,2025-03-16 03:49:54,2025-03-16 03:50:04
31279,0,2025-03-16 03:50:05,2025-03-16 03:50:15
31280,0,2025-03-16 03:50:15,2025-03-16 03:50:25
31281,0,2025-03-16 03:50:25,2025-03-16 03:50:35
31282,0,2025-03-16 03:50:35,2025-03-16 03:50:45
31283,0,2025-03-16 03:50:45,2025-03-16 03:50:55
31284,0,2025-03-16 03:50:55,2025-03-16 03:51:05
31285,0,2025-03-16 03:51:06,2025-03-16 03:51:16
31286,0,2025-03-16 03:51:16,2025-03-16 03:51:26
31287,0,2025-03-16 03:51:26,2025-03-16 03:51:36
31288,0,2025-03-16 03:51:36,2025-03-16 03:51:46
31289,0,2025-03-16 03:51:46,2025-03-16 03:51:56
31290,0,2025-03-16 03:51:56,2025-03-16 03:52:06
31291,0,2025-03-16 03:52:07,2025-03-16 03:52:17
31292,0,2025-03-16 03:52:17,2025-03-16 03:52:27
31293,0,2025-03-16 03:52:27,2025-03-16 03:52:37
31294,0,2025-03-16 03:52:37,2025-03-16 03:52:47
31295,0,2025-03-16 03:52:47,2025-03-16 03:52:57
31296,0,2025-03-16 03:52:57,2025-03-16 03:53:07
31297,0,2025-03-16 03:53:08,2025-03-16 03:53:18
31298,0,2025-03-16 03:53:18,2025-03-16 03:53:28
31299,0,2025-03-16 03:53:28,2025-03-16 03:53:38
31300,0,2025-03-16 03:53:38,2025-03-16 03:53:48
31301,0,2025-03-16 03:53:48,2025-03-16 03:53:58
31302,0,2025-03-16 03:53:58,2025-03-16 03:54:08
31303,0,2025-03-16 03:54:09,2025-03-16 03:54:19
31304,0,2025-03-16 03:54:19,2025-03-16 03:54:29
31305,0,2025-03-16 03:54:29,2025-03-16 03:54:39
31306,0,2025-03-16 03:54:39,2025-03-16 03:54:49
31307,0,2025-03-16 03:54:49,2025-03-16 03:54:59
31308,0,2025-03-16 03:54:59,2025-03-16 03:55:09
31309,0,2025-03-16 03:55:10,2025-03-16 03:55:20
31310,0,2025-03-16 03:55:20,2025-03-16 03:55:30
31311,0,2025-03-16 03:55:30,2025-03-16 03:55:40
31312,0,2025-03-16 03:55:40,2025-03-16 03:55:50
31313,0,2025-03-16 03:55:50,2025-03-16 03:56:00
31314,0,2025-03-16 03:56:00,2025-03-16 03:56:10
31315,0,2025-03-16 03:56:10,2025-03-16 03:56:20
31316,0,2025-03-16 03:56:20,2025-03-16 03:56:30
31317,0,2025-03-16 03:56:30,2025-03-16 03:56:40
31318,0,2025-03-16 03:56:40,2025-03-16 03:56:50
31319,0,2025-03-16 03:56:50,2025-03-16 03:57:00
31320,0,2025-03-16 03:57:00,2025-03-16 03:57:10
31321,0,2025-03-16 03:57:11,2025-03-16 03:57:21
31322,0,2025-03-16 03:57:21,2025-03-16 03:57:31
31323,0,2025-03-16 03:57:31,2025-03-16 03:57:41
31324,0,2025-03-16 03:57:41,2025-03-16 03:57:51
31325,0,2025-03-16 03:57:51,2025-03-16 03:58:01
31326,0,2025-03-16 03:58:01,2025-03-16 03:58:11
31327,0,2025-03-16 03:58:43,2025-03-16 03:58:53
31328,0,2025-03-16 03:58:53,2025-03-16 03:59:03
31329,0,2025-03-16 03:59:03,2025-03-16 03:59:13
31330,0,2025-03-16 03:59:13,2025-03-16 03:59:23
31331,0,2025-03-16 03:59:23,2025-03-16 03:59:33
31332,0,2025-03-16 03:59:33,2025-03-16 03:59:43
31333,0,2025-03-16 03:59:43,2025-03-16 03:59:53
31334,0,2025-03-16 03:59:53,2025-03-16 04:00:03
31335,0,2025-03-16 04:00:03,2025-03-16 04:00:13
31336,0,2025-03-16 04:00:13,2025-03-16 04:00:23
31337,0,2025-03-16 04:00:23,2025-03-16 04:00:33
31338,0,2025-03-16 04:00:33,2025-03-16 04:00:43
31339,0,2025-03-16 04:00:44,2025-03-16 04:00:54
31340,0,2025-03-16 04:00:54,2025-03-16 04:01:04
31341,0,2025-03-16 04:01:04,2025-03-16 04:01:14
31342,0,2025-03-16 04:01:14,2025-03-16 04:01:24
31343,0,2025-03-16 04:01:24,2025-03-16 04:01:34
31344,0,2025-03-16 04:01:34,2025-03-16 04:01:44
31345,0,2025-03-16 04:01:45,2025-03-16 04:01:55
31346,0,2025-03-16 04:01:55,2025-03-16 04:02:05
31347,0,2025-03-16 04:02:05,2025-03-16 04:02:15
31348,0,2025-03-16 04:02:15,2025-03-16 04:02:25
31349,0,2025-03-16 04:02:25,2025-03-16 04:02:35
31350,0,2025-03-16 04:02:35,2025-03-16 04:02:45
31351,0,2025-03-16 04:02:46,2025-03-16 04:02:56
31352,1,2025-03-16 04:02:56,2025-03-16 04:03:06
31353,1,2025-03-16 04:03:06,2025-03-16 04:03:16
31354,1,2025-03-16 04:03:16,2025-03-16 04:03:26
31355,1,2025-03-16 04:03:26,2025-03-16 04:03:36
31356,1,2025-03-16 04:03:36,2025-03-16 04:03:46
31357,1,2025-03-16 04:03:47,2025-03-16 04:03:57
31358,1,2025-03-16 04:03:57,2025-03-16 04:04:07
31359,1,2025-03-16 04:04:07,2025-03-16 04:04:17
31360,1,2025-03-16 04:04:17,2025-03-16 04:04:27
31361,1,2025-03-16 04:04:27,2025-03-16 04:04:37
31362,1,2025-03-16 04:04:37,2025-03-16 04:04:47
31363,1,2025-03-16 04:04:47,2025-03-16 04:04:57
31364,1,2025-03-16 04:04:57,2025-03-16 04:05:07
31365,1,2025-03-16 04:05:07,2025-03-16 04:05:17
31366,1,2025-03-16 04:05:17,2025-03-16 04:05:27
31367,1,2025-03-16 04:05:27,2025-03-16 04:05:37
31368,1,2025-03-16 04:05:37,2025-03-16 04:05:47
31369,1,2025-03-16 04:05:48,2025-03-16 04:05:58
31370,1,2025-03-16 04:05:58,2025-03-16 04:06:08
31371,1,2025-03-16 04:06:08,2025-03-16 04:06:18
31372,1,2025-03-16 04:06:18,2025-03-16 04:06:28
31373,1,2025-03-16 04:06:28,2025-03-16 04:06:38
31374,1,2025-03-16 04:06:38,2025-03-16 04:06:48
31375,1,2025-03-16 04:06:49,2025-03-16 04:06:59
31376,1,2025-03-16 04:06:59,2025-03-16 04:07:09
31377,1,2025-03-16 04:07:09,2025-03-16 04:07:19
31378,1,2025-03-16 04:07:19,2025-03-16 04:07:29
31379,1,2025-03-16 04:07:29,2025-03-16 04:07:39
31380,1,2025-03-16 04:07:39,2025-03-16 04:07:49
31381,1,2025-03-16 04:07:50,2025-03-16 04:08:00
31382,1,2025-03-16 04:08:00,2025-03-16 04:08:10
31383,1,2025-03-16 04:08:10,2025-03-16 04:08:20
31384,1,2025-03-16 04:08:20,2025-03-16 04:08:30
31385,1,2025-03-16 04:08:30,2025-03-16 04:08:40
31386,1,2025-03-16 04:08:40,2025-03-16 04:08:50
31387,1,2025-03-16 04:09:03,2025-03-16 04:09:13
31388,1,2025-03-16 04:09:13,2025-03-16 04:09:23
31389,1,2025-03-16 04:09:23,2025-03-16 04:09:33
31390,1,2025-03-16 04:09:33,2025-03-16 04:09:43
31391,1,2025-03-16 04:09:43,2025-03-16 04:09:53
31392,1,2025-03-16 04:09:53,2025-03-16 04:10:03
31393,1,2025-03-16 04:10:04,2025-03-16 04:10:14
31394,1,2025-03-16 04:10:14,2025-03-16 04:10:24
31395,1,2025-03-16 04:10:24,2025-03-16 04:10:34
31396,1,2025-03-16 04:10:34,2025-03-16 04:10:44
31397,1,2025-03-16 04:10:44,2025-03-16 04:10:54
31398,1,2025-03-16 04:10:54,2025-03-16 04:11:04
31399,0,2025-03-16 04:11:05,2025-03-16 04:11:15
31400,0,2025-03-16 04:11:15,2025-03-16 04:11:25
31401,0,2025-03-16 04:11:25,2025-03-16 04:11:35
31402,0,2025-03-16 04:11:35,2025-03-16 04:11:45
31403,0,2025-03-16 04:11:45,2025-03-16 04:11:55
31404,0,2025-03-16 04:11:55,2025-03-16 04:12:05
31405,0,2025-03-16 04:12:06,2025-03-16 04:12:16
31406,0,2025-03-16 04:12:16,2025-03-16 04:12:26
31407,0,2025-03-16 04:12:26,2025-03-16 04:12:36
31408,0,2025-03-16 04:12:36,2025-03-16 04:12:46
31409,0,2025-03-16 04:12:46,2025-03-16 04:12:56
31410,0,2025-03-16 04:12:56,2025-03-16 04:13:06
31411,0,2025-03-16 04:13:07,2025-03-16 04:13:17
31412,0,2025-03-16 04:13:17,2025-03-16 04:13:27
31413,0,2025-03-16 04:13:27,2025-03-16 04:13:37
31414,0,2025-03-16 04:13:37,2025-03-16 04:13:47
31415,0,2025-03-16 04:13:47,2025-03-16 04:13:57
31416,0,2025-03-16 04:13:57,2025-03-16 04:14:07
31417,0,2025-03-16 04:14:07,2025-03-16 04:14:17
31418,0,2025-03-16 04:14:17,2025-03-16 04:14:27
31419,0,2025-03-16 04:14:27,2025-03-16 04:14:37
31420,0,2025-03-16 04:14:37,2025-03-16 04:14:47
31421,0,2025-03-16 04:14:47,2025-03-16 04:14:57
31422,0,2025-03-16 04:14:57,2025-03-16 04:15:07
31423,0,2025-03-16 04:15:08,2025-03-16 04:15:18
31424,0,2025-03-16 04:15:18,2025-03-16 04:15:28
31425,0,2025-03-16 04:15:28,2025-03-16 04:15:38
31426,0,2025-03-16 04:15:38,2025-03-16 04:15:48
31427,0,2025-03-16 04:15:48,2025-03-16 04:15:58
31428,0,2025-03-16 04:15:58,2025-03-16 04:16:08
31429,0,2025-03-16 04:16:09,2025-03-16 04:16:19
31430,0,2025-03-16 04:16:19,2025-03-16 04:16:29
31431,0,2025-03-16 04:16:29,2025-03-16 04:16:39
31432,0,2025-03-16 04:16:39,2025-03-16 04:16:49
31433,0,2025-03-16 04:16:49,2025-03-16 04:16:59
31434,0,2025-03-16 04:16:59,2025-03-16 04:17:09
31435,0,2025-03-16 04:17:09,2025-03-16 04:17:19
31436,0,2025-03-16 04:17:19,2025-03-16 04:17:29
31437,0,2025-03-16 04:17:29,2025-03-16 04:17:39
31438,0,2025-03-16 04:17:39,2025-03-16 04:17:49
31439,0,2025-03-16 04:17:49,2025-03-16 04:17:59
31440,0,2025-03-16 04:17:59,2025-03-16 04:18:09
31441,0,2025-03-16 04:18:10,2025-03-16 04:18:20
31442,0,2025-03-16 04:18:20,2025-03-16 04:18:30
31443,0,2025-03-16 04:18:30,2025-03-16 04:18:40
31444,0,2025-03-16 04:18:40,2025-03-16 04:18:50
31445,0,2025-03-16 04:18:50,2025-03-16 04:19:00
31446,0,2025-03-16 04:19:00,2025-03-16 04:19:10
31447,0,2025-03-16 04:19:38,2025-03-16 04:19:48
31448,0,2025-03-16 04:19:48,2025-03-16 04:19:58
31449,0,2025-03-16 04:19:58,2025-03-16 04:20:08
31450,0,2025-03-16 04:20:08,2025-03-16 04:20:18
31451,0,2025-03-16 04:20:18,2025-03-16 04:20:28
31452,0,2025-03-16 04:20:28,2025-03-16 04:20:38
31453,0,2025-03-16 04:20:39,2025-03-16 04:20:49
31454,0,2025-03-16 04:20:49,2025-03-16 04:20:59
31455,0,2025-03-16 04:20:59,2025-03-16 04:21:09
31456,0,2025-03-16 04:21:09,2025-03-16 04:21:19
31457,0,2025-03-16 04:21:19,2025-03-16 04:21:29
31458,0,2025-03-16 04:21:29,2025-03-16 04:21:39
31459,0,2025-03-16 04:21:40,2025-03-16 04:21:50
31460,0,2025-03-16 04:21:50,2025-03-16 04:22:00
31461,0,2025-03-16 04:22:00,2025-03-16 04:22:10
31462,0,2025-03-16 04:22:10,2025-03-16 04:22:20
31463,0,2025-03-16 04:22:20,2025-03-16 04:22:30
31464,0,2025-03-16 04:22:30,2025-03-16 04:22:40
31465,0,2025-03-16 04:22:41,2025-03-16 04:22:51
31466,0,2025-03-16 04:22:51,2025-03-16 04:23:01
31467,0,2025-03-16 04:23:01,2025-03-16 04:23:11
31468,0,2025-03-16 04:23:11,2025-03-16 04:23:21
31469,0,2025-03-16 04:23:21,2025-03-16 04:23:31
31470,0,2025-03-16 04:23:31,2025-03-16 04:23:41
31471,0,2025-03-16 04:23:42,2025-03-16 04:23:52
31472,0,2025-03-16 04:23:52,2025-03-16 04:24:02
31473,0,2025-03-16 04:24:02,2025-03-16 04:24:12
31474,0,2025-03-16 04:24:12,2025-03-16 04:24:22
31475,0,2025-03-16 04:24:22,2025-03-16 04:24:32
31476,0,2025-03-16 04:24:32,2025-03-16 04:24:42
31477,0,2025-03-16 04:24:42,2025-03-16 04:24:52
31478,0,2025-03-16 04:24:52,2025-03-16 04:25:02
31479,0,2025-03-16 04:25:02,2025-03-16 04:25:12
31480,0,2025-03-16 04:25:12,2025-03-16 04:25:22
31481,0,2025-03-16 04:25:22,2025-03-16 04:25:32
31482,0,2025-03-16 04:25:32,2025-03-16 04:25:42
31483,0,2025-03-16 04:25:43,2025-03-16 04:25:53
31484,0,2025-03-16 04:25:53,2025-03-16 04:26:03
31485,0,2025-03-16 04:26:03,2025-03-16 04:26:13
31486,0,2025-03-16 04:26:13,2025-03-16 04:26:23
31487,0,2025-03-16 04:26:23,2025-03-16 04:26:33
31488,0,2025-03-16 04:26:33,2025-03-16 04:26:43
31489,0,2025-03-16 04:26:44,2025-03-16 04:26:54
31490,0,2025-03-16 04:26:54,2025-03-16 04:27:04
31491,0,2025-03-16 04:27:04,2025-03-16 04:27:14
31492,0,2025-03-16 04:27:14,2025-03-16 04:27:24
31493,0,2025-03-16 04:27:24,2025-03-16 04:27:34
31494,0,2025-03-16 04:27:34,2025-03-16 04:27:44
31495,0,2025-03-16 04:27:45,2025-03-16 04:27:55
31496,0,2025-03-16 04:27:55,2025-03-16 04:28:05
31497,0,2025-03-16 04:28:05,2025-03-16 04:28:15
31498,0,2025-03-16 04:28:15,2025-03-16 04:28:25
31499,0,2025-03-16 04:28:25,2025-03-16 04:28:35
31500,0,2025-03-16 04:28:35,2025-03-16 04:28:45
31501,0,2025-03-16 04:28:45,2025-03-16 04:28:55
31502,0,2025-03-16 04:28:55,2025-03-16 04:29:05
31503,0,2025-03-16 04:29:05,2025-03-16 04:29:15
31504,0,2025-03-16 04:29:15,2025-03-16 04:29:25
31505,0,2025-03-16 04:29:25,2025-03-16 04:29:35
31506,0,2025-03-16 04:29:35,2025-03-16 04:29:45
31507,0,2025-03-16 04:29:59,2025-03-16 04:30:09
31508,0,2025-03-16 04:30:09,2025-03-16 04:30:19
31509,0,2025-03-16 04:30:19,2025-03-16 04:30:29
31510,0,2025-03-16 04:30:29,2025-03-16 04:30:39
31511,0,2025-03-16 04:30:39,2025-03-16 04:30:49
31512,0,2025-03-16 04:30:49,2025-03-16 04:30:59
31513,0,2025-03-16 04:31:00,2025-03-16 04:31:10
31514,0,2025-03-16 04:31:10,2025-03-16 04:31:20
31515,0,2025-03-16 04:31:20,2025-03-16 04:31:30
31516,0,2025-03-16 04:31:30,2025-03-16 04:31:40
31517,0,2025-03-16 04:31:40,2025-03-16 04:31:50
31518,0,2025-03-16 04:31:50,2025-03-16 04:32:00
31519,0,2025-03-16 04:32:00,2025-03-16 04:32:10
31520,0,2025-03-16 04:32:10,2025-03-16 04:32:20
31521,0,2025-03-16 04:32:20,2025-03-16 04:32:30
31522,0,2025-03-16 04:32:30,2025-03-16 04:32:40
31523,0,2025-03-16 04:32:40,2025-03-16 04:32:50
31524,0,2025-03-16 04:32:50,2025-03-16 04:33:00
31525,0,2025-03-16 04:33:01,2025-03-16 04:33:11
31526,0,2025-03-16 04:33:11,2025-03-16 04:33:21
31527,0,2025-03-16 04:33:21,2025-03-16 04:33:31
31528,0,2025-03-16 04:33:31,2025-03-16 04:33:41
31529,0,2025-03-16 04:33:41,2025-03-16 04:33:51
31530,0,2025-03-16 04:33:51,2025-03-16 04:34:01
31531,0,2025-03-16 04:34:02,2025-03-16 04:34:12
31532,0,2025-03-16 04:34:12,2025-03-16 04:34:22
31533,0,2025-03-16 04:34:22,2025-03-16 04:34:32
31534,0,2025-03-16 04:34:32,2025-03-16 04:34:42
31535,0,2025-03-16 04:34:42,2025-03-16 04:34:52
31536,0,2025-03-16 04:34:52,2025-03-16 04:35:02
31537,0,2025-03-16 04:35:03,2025-03-16 04:35:13
31538,0,2025-03-16 04:35:13,2025-03-16 04:35:23
31539,0,2025-03-16 04:35:23,2025-03-16 04:35:33
31540,0,2025-03-16 04:35:33,2025-03-16 04:35:43
31541,0,2025-03-16 04:35:43,2025-03-16 04:35:53
31542,0,2025-03-16 04:35:53,2025-03-16 04:36:03
31543,0,2025-03-16 04:36:03,2025-03-16 04:36:13
31544,0,2025-03-16 04:36:13,2025-03-16 04:36:23
31545,0,2025-03-16 04:36:23,2025-03-16 04:36:33
31546,0,2025-03-16 04:36:33,2025-03-16 04:36:43
31547,0,2025-03-16 04:36:43,2025-03-16 04:36:53
31548,0,2025-03-16 04:36:53,2025-03-16 04:37:03
31549,0,2025-03-16 04:37:04,2025-03-16 04:37:14
31550,0,2025-03-16 04:37:14,2025-03-16 04:37:24
31551,0,2025-03-16 04:37:24,2025-03-16 04:37:34
31552,0,2025-03-16 04:37:34,2025-03-16 04:37:44
31553,0,2025-03-16 04:37:44,2025-03-16 04:37:54
31554,0,2025-03-16 04:37:54,2025-03-16 04:38:04
31555,0,2025-03-16 04:38:05,2025-03-16 04:38:15
31556,0,2025-03-16 04:38:15,2025-03-16 04:38:25
31557,0,2025-03-16 04:38:25,2025-03-16 04:38:35
31558,0,2025-03-16 04:38:35,2025-03-16 04:38:45
31559,0,2025-03-16 04:38:45,2025-03-16 04:38:55
31560,0,2025-03-16 04:38:55,2025-03-16 04:39:05
31561,0,2025-03-16 04:39:06,2025-03-16 04:39:16
31562,0,2025-03-16 04:39:16,2025-03-16 04:39:26
31563,0,2025-03-16 04:39:26,2025-03-16 04:39:36
31564,0,2025-03-16 04:39:36,2025-03-16 04:39:46
31565,0,2025-03-16 04:39:46,2025-03-16 04:39:56
31566,0,2025-03-16 04:39:56,2025-03-16 04:40:06
31567,0,2025-03-16 04:40:19,2025-03-16 04:40:29
31568,0,2025-03-16 04:40:29,2025-03-16 04:40:39
31569,0,2025-03-16 04:40:39,2025-03-16 04:40:49
31570,0,2025-03-16 04:40:49,2025-03-16 04:40:59
31571,0,2025-03-16 04:40:59,2025-03-16 04:41:09
31572,0,2025-03-16 04:41:09,2025-03-16 04:41:19
31573,0,2025-03-16 04:41:21,2025-03-16 04:41:31
31574,0,2025-03-16 04:41:31,2025-03-16 04:41:41
31575,0,2025-03-16 04:41:41,2025-03-16 04:41:51
31576,0,2025-03-16 04:41:51,2025-03-16 04:42:01
31577,0,2025-03-16 04:42:01,2025-03-16 04:42:11
31578,0,2025-03-16 04:42:11,2025-03-16 04:42:21
31579,0,2025-03-16 04:42:21,2025-03-16 04:42:31
31580,0,2025-03-16 04:42:31,2025-03-16 04:42:41
31581,0,2025-03-16 04:42:41,2025-03-16 04:42:51
31582,0,2025-03-16 04:42:51,2025-03-16 04:43:01
31583,0,2025-03-16 04:43:01,2025-03-16 04:43:11
31584,0,2025-03-16 04:43:11,2025-03-16 04:43:21
31585,0,2025-03-16 04:43:22,2025-03-16 04:43:32
31586,0,2025-03-16 04:43:32,2025-03-16 04:43:42
31587,0,2025-03-16 04:43:42,2025-03-16 04:43:52
31588,0,2025-03-16 04:43:52,2025-03-16 04:44:02
31589,0,2025-03-16 04:44:02,2025-03-16 04:44:12
31590,0,2025-03-16 04:44:12,2025-03-16 04:44:22
31591,0,2025-03-16 04:44:23,2025-03-16 04:44:33
31592,0,2025-03-16 04:44:33,2025-03-16 04:44:43
31593,0,2025-03-16 04:44:43,2025-03-16 04:44:53
31594,0,2025-03-16 04:44:53,2025-03-16 04:45:03
31595,0,2025-03-16 04:45:03,2025-03-16 04:45:13
31596,0,2025-03-16 04:45:13,2025-03-16 04:45:23
31597,0,2025-03-16 04:45:24,2025-03-16 04:45:34
31598,0,2025-03-16 04:45:34,2025-03-16 04:45:44
31599,0,2025-03-16 04:45:44,2025-03-16 04:45:54
31600,0,2025-03-16 04:45:54,2025-03-16 04:46:04
31601,0,2025-03-16 04:46:04,2025-03-16 04:46:14
31602,0,2025-03-16 04:46:14,2025-03-16 04:46:24
31603,0,2025-03-16 04:46:24,2025-03-16 04:46:34
31604,0,2025-03-16 04:46:34,2025-03-16 04:46:44
31605,0,2025-03-16 04:46:44,2025-03-16 04:46:54
31606,0,2025-03-16 04:46:54,2025-03-16 04:47:04
31607,0,2025-03-16 04:47:04,2025-03-16 04:47:14
31608,0,2025-03-16 04:47:14,2025-03-16 04:47:24
31609,0,2025-03-16 04:47:25,2025-03-16 04:47:35
31610,0,2025-03-16 04:47:35,2025-03-16 04:47:45
31611,0,2025-03-16 04:47:45,2025-03-16 04:47:55
31612,0,2025-03-16 04:47:55,2025-03-16 04:48:05
31613,0,2025-03-16 04:48:05,2025-03-16 04:48:15
31614,0,2025-03-16 04:48:15,2025-03-16 04:48:25
31615,0,2025-03-16 04:48:26,2025-03-16 04:48:36
31616,0,2025-03-16 04:48:36,2025-03-16 04:48:46
31617,0,2025-03-16 04:48:46,2025-03-16 04:48:56
31618,0,2025-03-16 04:48:56,2025-03-16 04:49:06
31619,0,2025-03-16 04:49:06,2025-03-16 04:49:16
31620,0,2025-03-16 04:49:16,2025-03-16 04:49:26
31621,0,2025-03-16 04:49:27,2025-03-16 04:49:37
31622,0,2025-03-16 04:49:37,2025-03-16 04:49:47
31623,0,2025-03-16 04:49:47,2025-03-16 04:49:57
31624,0,2025-03-16 04:49:57,2025-03-16 04:50:07
31625,0,2025-03-16 04:50:07,2025-03-16 04:50:17
31626,0,2025-03-16 04:50:17,2025-03-16 04:50:27
31627,0,2025-03-16 04:50:55,2025-03-16 04:51:05
31628,0,2025-03-16 04:51:05,2025-03-16 04:51:15
31629,0,2025-03-16 04:51:15,2025-03-16 04:51:25
31630,0,2025-03-16 04:51:25,2025-03-16 04:51:35
31631,0,2025-03-16 04:51:35,2025-03-16 04:51:45
31632,0,2025-03-16 04:51:45,2025-03-16 04:51:55
31633,0,2025-03-16 04:51:56,2025-03-16 04:52:06
31634,0,2025-03-16 04:52:06,2025-03-16 04:52:16
31635,0,2025-03-16 04:52:16,2025-03-16 04:52:26
31636,0,2025-03-16 04:52:26,2025-03-16 04:52:36
31637,0,2025-03-16 04:52:36,2025-03-16 04:52:46
31638,0,2025-03-16 04:52:46,2025-03-16 04:52:56
31639,0,2025-03-16 04:52:57,2025-03-16 04:53:07
31640,0,2025-03-16 04:53:07,2025-03-16 04:53:17
31641,0,2025-03-16 04:53:17,2025-03-16 04:53:27
31642,0,2025-03-16 04:53:27,2025-03-16 04:53:37
31643,0,2025-03-16 04:53:37,2025-03-16 04:53:47
31644,0,2025-03-16 04:53:47,2025-03-16 04:53:57
31645,0,2025-03-16 04:53:58,2025-03-16 04:54:08
31646,0,2025-03-16 04:54:08,2025-03-16 04:54:18
31647,0,2025-03-16 04:54:18,2025-03-16 04:54:28
31648,0,2025-03-16 04:54:28,2025-03-16 04:54:38
31649,0,2025-03-16 04:54:38,2025-03-16 04:54:48
31650,0,2025-03-16 04:54:48,2025-03-16 04:54:58
31651,0,2025-03-16 04:54:58,2025-03-16 04:55:08
31652,0,2025-03-16 04:55:08,2025-03-16 04:55:18
31653,0,2025-03-16 04:55:18,2025-03-16 04:55:28
31654,0,2025-03-16 04:55:28,2025-03-16 04:55:38
31655,0,2025-03-16 04:55:38,2025-03-16 04:55:48
31656,0,2025-03-16 04:55:48,2025-03-16 04:55:58
31657,0,2025-03-16 04:55:59,2025-03-16 04:56:09
31658,0,2025-03-16 04:56:09,2025-03-16 04:56:19
31659,0,2025-03-16 04:56:19,2025-03-16 04:56:29
31660,0,2025-03-16 04:56:29,2025-03-16 04:56:39
31661,0,2025-03-16 04:56:39,2025-03-16 04:56:49
31662,0,2025-03-16 04:56:49,2025-03-16 04:56:59
31663,0,2025-03-16 04:57:00,2025-03-16 04:57:10
31664,0,2025-03-16 04:57:10,2025-03-16 04:57:20
31665,0,2025-03-16 04:57:20,2025-03-16 04:57:30
31666,0,2025-03-16 04:57:30,2025-03-16 04:57:40
31667,0,2025-03-16 04:57:40,2025-03-16 04:57:50
31668,0,2025-03-16 04:57:50,2025-03-16 04:58:00
31669,0,2025-03-16 04:58:01,2025-03-16 04:58:11
31670,0,2025-03-16 04:58:11,2025-03-16 04:58:21
31671,0,2025-03-16 04:58:21,2025-03-16 04:58:31
31672,0,2025-03-16 04:58:31,2025-03-16 04:58:41
31673,0,2025-03-16 04:58:41,2025-03-16 04:58:51
31674,0,2025-03-16 04:58:51,2025-03-16 04:59:01
31675,0,2025-03-16 04:59:02,2025-03-16 04:59:12
31676,0,2025-03-16 04:59:12,2025-03-16 04:59:22
31677,0,2025-03-16 04:59:22,2025-03-16 04:59:32
31678,0,2025-03-16 04:59:32,2025-03-16 04:59:42
31679,0,2025-03-16 04:59:42,2025-03-16 04:59:52
31680,0,2025-03-16 04:59:52,2025-03-16 05:00:02
31681,0,2025-03-16 05:00:02,2025-03-16 05:00:12
31682,0,2025-03-16 05:00:12,2025-03-16 05:00:22
31683,0,2025-03-16 05:00:22,2025-03-16 05:00:32
31684,0,2025-03-16 05:00:32,2025-03-16 05:00:42
31685,0,2025-03-16 05:00:42,2025-03-16 05:00:52
31686,0,2025-03-16 05:00:52,2025-03-16 05:01:02
31687,0,2025-03-16 05:01:31,2025-03-16 05:01:41
31688,0,2025-03-16 05:01:41,2025-03-16 05:01:51
31689,0,2025-03-16 05:01:51,2025-03-16 05:02:01
31690,0,2025-03-16 05:02:01,2025-03-16 05:02:11
31691,0,2025-03-16 05:02:11,2025-03-16 05:02:21
31692,0,2025-03-16 05:02:21,2025-03-16 05:02:31
31693,0,2025-03-16 05:02:31,2025-03-16 05:02:41
31694,0,2025-03-16 05:02:41,2025-03-16 05:02:51
31695,0,2025-03-16 05:02:51,2025-03-16 05:03:01
31696,0,2025-03-16 05:03:01,2025-03-16 05:03:11
31697,0,2025-03-16 05:03:11,2025-03-16 05:03:21
31698,0,2025-03-16 05:03:21,2025-03-16 05:03:31
31699,0,2025-03-16 05:03:32,2025-03-16 05:03:42
31700,0,2025-03-16 05:03:42,2025-03-16 05:03:52
31701,0,2025-03-16 05:03:52,2025-03-16 05:04:02
31702,0,2025-03-16 05:04:02,2025-03-16 05:04:12
31703,0,2025-03-16 05:04:12,2025-03-16 05:04:22
31704,0,2025-03-16 05:04:22,2025-03-16 05:04:32
31705,0,2025-03-16 05:04:33,2025-03-16 05:04:43
31706,0,2025-03-16 05:04:43,2025-03-16 05:04:53
31707,0,2025-03-16 05:04:53,2025-03-16 05:05:03
31708,0,2025-03-16 05:05:03,2025-03-16 05:05:13
31709,0,2025-03-16 05:05:13,2025-03-16 05:05:23
31710,0,2025-03-16 05:05:23,2025-03-16 05:05:33
31711,0,2025-03-16 05:05:34,2025-03-16 05:05:44
31712,0,2025-03-16 05:05:44,2025-03-16 05:05:54
31713,0,2025-03-16 05:05:54,2025-03-16 05:06:04
31714,0,2025-03-16 05:06:04,2025-03-16 05:06:14
31715,0,2025-03-16 05:06:14,2025-03-16 05:06:24
31716,0,2025-03-16 05:06:24,2025-03-16 05:06:34
31717,0,2025-03-16 05:06:34,2025-03-16 05:06:44
31718,0,2025-03-16 05:06:44,2025-03-16 05:06:54
31719,0,2025-03-16 05:06:54,2025-03-16 05:07:04
31720,0,2025-03-16 05:07:04,2025-03-16 05:07:14
31721,0,2025-03-16 05:07:14,2025-03-16 05:07:24
31722,0,2025-03-16 05:07:24,2025-03-16 05:07:34
31723,0,2025-03-16 05:07:35,2025-03-16 05:07:45
31724,0,2025-03-16 05:07:45,2025-03-16 05:07:55
31725,0,2025-03-16 05:07:55,2025-03-16 05:08:05
31726,0,2025-03-16 05:08:05,2025-03-16 05:08:15
31727,0,2025-03-16 05:08:15,2025-03-16 05:08:25
31728,0,2025-03-16 05:08:25,2025-03-16 05:08:35
31729,0,2025-03-16 05:08:36,2025-03-16 05:08:46
31730,0,2025-03-16 05:08:46,2025-03-16 05:08:56
31731,0,2025-03-16 05:08:56,2025-03-16 05:09:06
31732,0,2025-03-16 05:09:06,2025-03-16 05:09:16
31733,0,2025-03-16 05:09:16,2025-03-16 05:09:26
31734,0,2025-03-16 05:09:26,2025-03-16 05:09:36
31735,0,2025-03-16 05:09:37,2025-03-16 05:09:47
31736,0,2025-03-16 05:09:47,2025-03-16 05:09:57
31737,0,2025-03-16 05:09:57,2025-03-16 05:10:07
31738,0,2025-03-16 05:10:07,2025-03-16 05:10:17
31739,0,2025-03-16 05:10:17,2025-03-16 05:10:27
31740,0,2025-03-16 05:10:27,2025-03-16 05:10:37
31741,0,2025-03-16 05:10:37,2025-03-16 05:10:47
31742,0,2025-03-16 05:10:47,2025-03-16 05:10:57
31743,0,2025-03-16 05:10:57,2025-03-16 05:11:07
31744,0,2025-03-16 05:11:07,2025-03-16 05:11:17
31745,0,2025-03-16 05:11:17,2025-03-16 05:11:27
31746,0,2025-03-16 05:11:27,2025-03-16 05:11:37
31747,0,2025-03-16 05:11:51,2025-03-16 05:12:01
31748,0,2025-03-16 05:12:01,2025-03-16 05:12:11
31749,1,2025-03-16 05:12:11,2025-03-16 05:12:21
31750,1,2025-03-16 05:12:21,2025-03-16 05:12:31
31751,1,2025-03-16 05:12:31,2025-03-16 05:12:41
31752,1,2025-03-16 05:12:41,2025-03-16 05:12:51
31753,1,2025-03-16 05:12:52,2025-03-16 05:13:02
31754,1,2025-03-16 05:13:02,2025-03-16 05:13:12
31755,1,2025-03-16 05:13:12,2025-03-16 05:13:22
31756,1,2025-03-16 05:13:22,2025-03-16 05:13:32
31757,1,2025-03-16 05:13:32,2025-03-16 05:13:42
31758,1,2025-03-16 05:13:42,2025-03-16 05:13:52
31759,1,2025-03-16 05:13:52,2025-03-16 05:14:02
31760,1,2025-03-16 05:14:02,2025-03-16 05:14:12
31761,1,2025-03-16 05:14:12,2025-03-16 05:14:22
31762,1,2025-03-16 05:14:22,2025-03-16 05:14:32
31763,1,2025-03-16 05:14:32,2025-03-16 05:14:42
31764,1,2025-03-16 05:14:42,2025-03-16 05:14:52
31765,1,2025-03-16 05:14:53,2025-03-16 05:15:03
31766,1,2025-03-16 05:15:03,2025-03-16 05:15:13
31767,1,2025-03-16 05:15:13,2025-03-16 05:15:23
31768,1,2025-03-16 05:15:23,2025-03-16 05:15:33
31769,1,2025-03-16 05:15:33,2025-03-16 05:15:43
31770,1,2025-03-16 05:15:43,2025-03-16 05:15:53
31771,1,2025-03-16 05:15:54,2025-03-16 05:16:04
31772,1,2025-03-16 05:16:04,2025-03-16 05:16:14
31773,1,2025-03-16 05:16:14,2025-03-16 05:16:24
31774,1,2025-03-16 05:16:24,2025-03-16 05:16:34
31775,1,2025-03-16 05:16:34,2025-03-16 05:16:44
31776,1,2025-03-16 05:16:44,2025-03-16 05:16:54
31777,1,2025-03-16 05:16:55,2025-03-16 05:17:05
31778,1,2025-03-16 05:17:05,2025-03-16 05:17:15
31779,1,2025-03-16 05:17:15,2025-03-16 05:17:25
31780,1,2025-03-16 05:17:25,2025-03-16 05:17:35
31781,1,2025-03-16 05:17:35,2025-03-16 05:17:45
31782,1,2025-03-16 05:17:45,2025-03-16 05:17:55
31783,1,2025-03-16 05:17:56,2025-03-16 05:18:06
31784,1,2025-03-16 05:18:06,2025-03-16 05:18:16
31785,1,2025-03-16 05:18:16,2025-03-16 05:18:26
31786,1,2025-03-16 05:18:26,2025-03-16 05:18:36
31787,1,2025-03-16 05:18:36,2025-03-16 05:18:46
31788,1,2025-03-16 05:18:46,2025-03-16 05:18:56
31789,1,2025-03-16 05:18:56,2025-03-16 05:19:06
31790,1,2025-03-16 05:19:06,2025-03-16 05:19:16
31791,1,2025-03-16 05:19:16,2025-03-16 05:19:26
31792,1,2025-03-16 05:19:26,2025-03-16 05:19:36
31793,1,2025-03-16 05:19:36,2025-03-16 05:19:46
31794,1,2025-03-16 05:19:46,2025-03-16 05:19:56
31795,1,2025-03-16 05:19:57,2025-03-16 05:20:07
